{"texture_size":[64,64],"textures":{"2":"kurapovfun:item/easter_axe","particle":"kurapovfun:item/easter_axe"},"elements":[{"from":[6.625,4.75,6.375],"to":[8.625,21,8.375],"rotation":{"angle":45,"axis":"y","origin":[7.625,0.25,7.375]},"faces":{"north":{"uv":[3.008,5.258,3.492,9.242],"texture":"#2"},"east":{"uv":[3.508,5.258,3.992,9.242],"texture":"#2"},"south":{"uv":[4.008,5.258,4.492,9.242],"texture":"#2"},"west":{"uv":[2.508,5.258,2.992,9.242],"texture":"#2"},"up":{"uv":[9.242,2.492,8.758,2.008],"rotation":270,"texture":"#2"},"down":{"uv":[9.242,2.508,8.758,2.992],"rotation":90,"texture":"#2"}}},{"from":[6.875,-7,6.625],"to":[8.375,4.75,8.125],"rotation":{"angle":45,"axis":"y","origin":[7.625,-16,7.375]},"faces":{"north":{"uv":[6.008,1.508,6.492,4.492],"texture":"#2"},"east":{"uv":[6.258,4.508,6.742,7.492],"texture":"#2"},"south":{"uv":[6.508,1.508,6.992,4.492],"texture":"#2"},"west":{"uv":[5.758,5.258,6.242,8.242],"texture":"#2"},"up":{"uv":[9.242,3.992,8.758,3.508],"rotation":270,"texture":"#2"},"down":{"uv":[9.242,4.008,8.758,4.492],"rotation":90,"texture":"#2"}}},{"from":[6.125,15,5.875],"to":[9.125,16,8.875],"rotation":{"angle":45,"axis":"y","origin":[7.625,0.25,7.375]},"faces":{"north":{"uv":[9.258,2.758,9.992,2.992],"texture":"#2"},"east":{"uv":[3.008,9.258,3.742,9.492],"texture":"#2"},"south":{"uv":[9.258,3.508,9.992,3.742],"texture":"#2"},"west":{"uv":[9.258,2.508,9.992,2.742],"texture":"#2"},"up":{"uv":[8.242,7.742,7.508,7.008],"rotation":270,"texture":"#2"},"down":{"uv":[8.492,3.008,7.758,3.742],"rotation":90,"texture":"#2"}}},{"from":[6.025,10.9,5.775],"to":[9.225,16.1,8.975],"rotation":{"angle":45,"axis":"y","origin":[7.625,0.25,7.375]},"faces":{"north":{"uv":[0.008,7.008,0.742,8.242],"texture":"#2"},"east":{"uv":[0.758,7.008,1.492,8.242],"texture":"#2"},"south":{"uv":[1.508,7.008,2.242,8.242],"texture":"#2"},"west":{"uv":[6.758,6.508,7.492,7.742],"texture":"#2"},"up":{"uv":[6.992,8.492,6.258,7.758],"rotation":270,"texture":"#2"},"down":{"uv":[7.742,7.758,7.008,8.492],"rotation":90,"texture":"#2"}}},{"from":[5.625,-8,6.625],"to":[9.625,-6.5,8.125],"rotation":{"angle":45,"axis":"x","origin":[7.625,-7.25,7.375]},"faces":{"north":{"uv":[1.508,8.258,2.492,8.742],"texture":"#2"},"east":{"uv":[8.758,4.508,9.242,4.992],"texture":"#2"},"south":{"uv":[8.258,1.508,9.242,1.992],"texture":"#2"},"west":{"uv":[4.508,8.758,4.992,9.242],"texture":"#2"},"up":{"uv":[8.742,2.992,8.258,2.008],"rotation":270,"texture":"#2"},"down":{"uv":[5.992,8.258,5.508,9.242],"rotation":90,"texture":"#2"}}},{"from":[6.375,-6.75,6.125],"to":[8.875,-2.75,8.625],"rotation":{"angle":45,"axis":"y","origin":[7.625,0.75,7.375]},"faces":{"north":{"uv":[7.258,4.008,7.992,4.992],"texture":"#2"},"east":{"uv":[7.258,5.008,7.992,5.992],"texture":"#2"},"south":{"uv":[7.508,6.008,8.242,6.992],"texture":"#2"},"west":{"uv":[7.008,3.008,7.742,3.992],"texture":"#2"},"up":{"uv":[8.492,8.492,7.758,7.758],"rotation":270,"texture":"#2"},"down":{"uv":[8.742,3.758,8.008,4.492],"rotation":90,"texture":"#2"}}},{"from":[6.525,5.65,6.275],"to":[8.725,13.85,8.475],"rotation":{"angle":45,"axis":"y","origin":[7.625,0.25,7.375]},"faces":{"north":{"uv":[4.508,6.758,4.992,8.742],"texture":"#2"},"east":{"uv":[6.758,4.508,7.242,6.492],"texture":"#2"},"south":{"uv":[5.008,6.758,5.492,8.742],"texture":"#2"},"west":{"uv":[5.508,1.508,5.992,3.492],"texture":"#2"},"up":{"uv":[5.492,9.242,5.008,8.758],"rotation":270,"texture":"#2"},"down":{"uv":[9.242,5.008,8.758,5.492],"rotation":90,"texture":"#2"}}},{"from":[3.45037,16.005,6.49889],"to":[6.19037,18.995,8.73889],"rotation":{"angle":-22.5,"axis":"y","origin":[3.44537,17.5,6.49389]},"faces":{"north":{"uv":[8.008,4.508,8.742,5.242],"texture":"#2"},"east":{"uv":[7.008,8.508,7.492,9.242],"texture":"#2"},"south":{"uv":[8.008,5.258,8.742,5.992],"texture":"#2"},"west":{"uv":[6.508,8.508,6.992,9.242],"texture":"#2"},"up":{"uv":[7.992,9.242,7.508,8.508],"rotation":270,"texture":"#2"},"down":{"uv":[8.992,7.508,8.508,8.242],"rotation":90,"texture":"#2"}}},{"from":[3.45037,13.005,8.74889],"to":[6.19037,15.995,8.73889],"rotation":{"angle":-22.5,"axis":"y","origin":[3.44537,14.5,6.49389]},"faces":{"north":{"uv":[0.008,8.258,0.742,8.992],"texture":"#2"},"east":{"uv":[0.008,0.008,0.008,0.742],"texture":"#2"},"south":{"uv":[8.258,0.008,8.992,0.742],"texture":"#2"},"west":{"uv":[0.008,0.008,0.008,0.742],"texture":"#2"},"up":{"uv":[0.008,0.742,0.008,0.008],"rotation":270,"texture":"#2"},"down":{"uv":[0.008,0.008,0.008,0.742],"rotation":90,"texture":"#2"}}},{"from":[3.45287,16.0075,6.01361],"to":[6.18787,18.9925,8.24861],"rotation":{"angle":22.5,"axis":"y","origin":[3.44537,17.5,8.25611]},"faces":{"north":{"uv":[0.758,8.258,1.492,8.992],"texture":"#2"},"east":{"uv":[8.508,8.258,8.992,8.992],"texture":"#2"},"south":{"uv":[8.258,0.758,8.992,1.492],"texture":"#2"},"west":{"uv":[8.008,8.508,8.492,9.242],"texture":"#2"},"up":{"uv":[1.992,9.492,1.508,8.758],"rotation":270,"texture":"#2"},"down":{"uv":[2.492,8.758,2.008,9.492],"rotation":90,"texture":"#2"}}},{"from":[5.125,16,5.125],"to":[10.875,19,9.625],"rotation":{"angle":0,"axis":"y","origin":[8,17.5,7.375]},"faces":{"north":{"uv":[6.758,0.008,8.242,0.742],"texture":"#2"},"east":{"uv":[7.008,2.258,8.242,2.992],"texture":"#2"},"south":{"uv":[6.758,0.758,8.242,1.492],"texture":"#2"},"west":{"uv":[7.008,1.508,8.242,2.242],"texture":"#2"},"up":{"uv":[5.742,6.742,4.508,5.258],"rotation":270,"texture":"#2"},"down":{"uv":[6.742,0.008,5.508,1.492],"rotation":90,"texture":"#2"}}},{"from":[4.025,11.9,5.025],"to":[10.975,19.1,9.725],"rotation":{"angle":0,"axis":"y","origin":[8,17.5,7.375]},"faces":{"north":{"uv":[0.008,3.508,1.742,5.242],"texture":"#2"},"east":{"uv":[4.758,3.508,5.992,5.242],"texture":"#2"},"south":{"uv":[1.758,3.508,3.492,5.242],"texture":"#2"},"west":{"uv":[3.508,3.508,4.742,5.242],"texture":"#2"},"up":{"uv":[1.242,6.992,0.008,5.258],"rotation":270,"texture":"#2"},"down":{"uv":[2.492,5.258,1.258,6.992],"rotation":90,"texture":"#2"}}},{"from":[5.41306,16.80866,9.825],"to":[7.16306,20.80866,9.825],"rotation":{"angle":-22.5,"axis":"z","origin":[6.28806,18.80866,9.825]},"faces":{"north":{"uv":[8.258,6.008,8.742,6.992],"texture":"#2"},"east":{"uv":[2.258,7.008,2.492,7.992],"texture":"#2"},"south":{"uv":[6.008,8.508,6.492,9.492],"texture":"#2"},"west":{"uv":[5.508,6.758,5.742,7.742],"texture":"#2"},"up":{"uv":[6.242,4.992,6.008,4.508],"rotation":270,"texture":"#2"},"down":{"uv":[7.242,4.008,7.008,4.492],"rotation":90,"texture":"#2"}}},{"from":[8.53806,17.93366,9.825],"to":[12.53806,19.68366,9.825],"rotation":{"angle":-22.5,"axis":"z","origin":[10.53806,18.80866,9.825]},"faces":{"north":{"uv":[8.258,7.008,9.242,7.492],"texture":"#2"},"east":{"uv":[5.508,7.758,5.742,8.242],"texture":"#2"},"south":{"uv":[8.508,3.008,9.492,3.492],"texture":"#2"},"west":{"uv":[7.258,6.008,7.492,6.492],"texture":"#2"},"up":{"uv":[8.992,6.492,8.758,5.508],"rotation":270,"texture":"#2"},"down":{"uv":[0.242,9.008,0.008,9.992],"rotation":90,"texture":"#2"}}},{"from":[5.125,17.25,9.375],"to":[5.875,18,10.125],"rotation":{"angle":0,"axis":"y","origin":[8,16.5,7.875]},"faces":{"north":{"uv":[6.258,7.508,6.492,7.742],"texture":"#2"},"east":{"uv":[6.508,7.508,6.742,7.742],"texture":"#2"},"south":{"uv":[7.758,3.758,7.992,3.992],"texture":"#2"},"west":{"uv":[6.008,5.008,6.242,5.242],"texture":"#2"},"up":{"uv":[2.492,8.242,2.258,8.008],"rotation":270,"texture":"#2"},"down":{"uv":[6.242,8.258,6.008,8.492],"rotation":90,"texture":"#2"}}},{"from":[4.625,16.75,9.875],"to":[6.375,18.5,9.875],"rotation":{"angle":0,"axis":"y","origin":[8,16.5,7.625]},"faces":{"north":{"uv":[8.758,6.508,9.242,6.992],"texture":"#2"},"east":{"uv":[0.008,0.008,0.008,0.492],"texture":"#2"},"south":{"uv":[9.008,0.008,9.492,0.492],"texture":"#2"},"west":{"uv":[0.008,0.008,0.008,0.492],"texture":"#2"},"up":{"uv":[0.008,0.492,0.008,0.008],"rotation":270,"texture":"#2"},"down":{"uv":[0.008,0.008,0.008,0.492],"rotation":90,"texture":"#2"}}},{"from":[10.625,16.75,9.375],"to":[11.375,17.5,10.125],"rotation":{"angle":45,"axis":"y","origin":[11,17.125,9.8125]},"faces":{"north":{"uv":[8.508,3.508,8.742,3.742],"texture":"#2"},"east":{"uv":[1.258,9.008,1.492,9.242],"texture":"#2"},"south":{"uv":[1.258,9.258,1.492,9.492],"texture":"#2"},"west":{"uv":[8.258,7.508,8.492,7.742],"texture":"#2"},"up":{"uv":[3.992,9.492,3.758,9.258],"rotation":270,"texture":"#2"},"down":{"uv":[9.492,3.758,9.258,3.992],"rotation":90,"texture":"#2"}}},{"from":[10.125,16.25,9.875],"to":[11.875,18,9.875],"rotation":{"angle":45,"axis":"y","origin":[11,17.125,9.8125]},"faces":{"north":{"uv":[0.258,9.008,0.742,9.492],"texture":"#2"},"east":{"uv":[0.008,0.008,0.008,0.492],"texture":"#2"},"south":{"uv":[9.008,0.508,9.492,0.992],"texture":"#2"},"west":{"uv":[0.008,0.008,0.008,0.492],"texture":"#2"},"up":{"uv":[0.008,0.492,0.008,0.008],"rotation":270,"texture":"#2"},"down":{"uv":[0.008,0.008,0.008,0.492],"rotation":90,"texture":"#2"}}},{"from":[7.875,18.75,9.375],"to":[8.625,19.5,10.125],"rotation":{"angle":22.5,"axis":"x","origin":[8.25,19.125,9.8125]},"faces":{"north":{"uv":[9.258,4.008,9.492,4.242],"texture":"#2"},"east":{"uv":[4.258,9.258,4.492,9.492],"texture":"#2"},"south":{"uv":[9.258,4.258,9.492,4.492],"texture":"#2"},"west":{"uv":[4.008,9.258,4.242,9.492],"texture":"#2"},"up":{"uv":[4.742,9.492,4.508,9.258],"rotation":270,"texture":"#2"},"down":{"uv":[9.492,4.508,9.258,4.742],"rotation":90,"texture":"#2"}}},{"from":[7.375,18.25,9.875],"to":[9.125,20,9.875],"rotation":{"angle":22.5,"axis":"x","origin":[8.25,19.125,9.8125]},"faces":{"north":{"uv":[0.758,9.008,1.242,9.492],"texture":"#2"},"east":{"uv":[0.008,0.008,0.008,0.492],"texture":"#2"},"south":{"uv":[9.008,1.008,9.492,1.492],"texture":"#2"},"west":{"uv":[0.008,0.008,0.008,0.492],"texture":"#2"},"up":{"uv":[0.008,0.492,0.008,0.008],"rotation":270,"texture":"#2"},"down":{"uv":[0.008,0.008,0.008,0.492],"rotation":90,"texture":"#2"}}},{"from":[8.875,17.75,9.375],"to":[9.625,18.5,10.125],"rotation":{"angle":-45,"axis":"z","origin":[9.25,18.125,9.8125]},"faces":{"north":{"uv":[9.258,4.758,9.492,4.992],"texture":"#2"},"east":{"uv":[5.008,9.258,5.242,9.492],"texture":"#2"},"south":{"uv":[9.258,5.008,9.492,5.242],"texture":"#2"},"west":{"uv":[4.758,9.258,4.992,9.492],"texture":"#2"},"up":{"uv":[5.492,9.492,5.258,9.258],"rotation":270,"texture":"#2"},"down":{"uv":[9.492,5.258,9.258,5.492],"rotation":90,"texture":"#2"}}},{"from":[8.375,17.25,9.875],"to":[10.125,19,9.875],"rotation":{"angle":-45,"axis":"z","origin":[9.25,18.125,9.8125]},"faces":{"north":{"uv":[9.008,5.508,9.492,5.992],"texture":"#2"},"east":{"uv":[0.008,0.008,0.008,0.492],"texture":"#2"},"south":{"uv":[9.008,6.008,9.492,6.492],"texture":"#2"},"west":{"uv":[0.008,0.008,0.008,0.492],"texture":"#2"},"up":{"uv":[0.008,0.492,0.008,0.008],"rotation":270,"texture":"#2"},"down":{"uv":[0.008,0.008,0.008,0.492],"rotation":90,"texture":"#2"}}},{"from":[6.875,16.25,9.375],"to":[7.625,17,10.125],"rotation":{"angle":22.5,"axis":"z","origin":[7.25,16.625,9.8125]},"faces":{"north":{"uv":[5.758,9.258,5.992,9.492],"texture":"#2"},"east":{"uv":[6.508,9.258,6.742,9.492],"texture":"#2"},"south":{"uv":[9.258,6.508,9.492,6.742],"texture":"#2"},"west":{"uv":[5.508,9.258,5.742,9.492],"texture":"#2"},"up":{"uv":[6.992,9.492,6.758,9.258],"rotation":270,"texture":"#2"},"down":{"uv":[9.492,6.758,9.258,6.992],"rotation":90,"texture":"#2"}}},{"from":[6.375,15.75,9.875],"to":[8.125,17.5,9.875],"rotation":{"angle":22.5,"axis":"z","origin":[7.25,16.625,9.8125]},"faces":{"north":{"uv":[9.008,7.508,9.492,7.992],"texture":"#2"},"east":{"uv":[0.008,0.008,0.008,0.492],"texture":"#2"},"south":{"uv":[9.008,8.008,9.492,8.492],"texture":"#2"},"west":{"uv":[0.008,0.008,0.008,0.492],"texture":"#2"},"up":{"uv":[0.008,0.492,0.008,0.008],"rotation":270,"texture":"#2"},"down":{"uv":[0.008,0.008,0.008,0.492],"rotation":90,"texture":"#2"}}},{"from":[5.41306,16.80866,4.925],"to":[7.16306,20.80866,4.925],"rotation":{"angle":-22.5,"axis":"z","origin":[6.28806,18.80866,4.925]},"faces":{"north":{"uv":[6.492,8.508,6.008,9.492],"texture":"#2"},"east":{"uv":[2.492,7.008,2.258,7.992],"texture":"#2"},"south":{"uv":[8.742,6.008,8.258,6.992],"texture":"#2"},"west":{"uv":[5.742,6.758,5.508,7.742],"texture":"#2"},"up":{"uv":[6.008,4.992,6.242,4.508],"rotation":270,"texture":"#2"},"down":{"uv":[7.008,4.008,7.242,4.492],"rotation":90,"texture":"#2"}}},{"from":[5.125,17.25,4.625],"to":[5.875,18,5.375],"rotation":{"angle":0,"axis":"y","origin":[8,16.5,6.875]},"faces":{"north":{"uv":[7.992,3.758,7.758,3.992],"texture":"#2"},"east":{"uv":[6.742,7.508,6.508,7.742],"texture":"#2"},"south":{"uv":[6.492,7.508,6.258,7.742],"texture":"#2"},"west":{"uv":[6.242,5.008,6.008,5.242],"texture":"#2"},"up":{"uv":[2.258,8.242,2.492,8.008],"rotation":270,"texture":"#2"},"down":{"uv":[6.008,8.258,6.242,8.492],"rotation":90,"texture":"#2"}}},{"from":[4.625,16.75,4.875],"to":[6.375,18.5,4.875],"rotation":{"angle":0,"axis":"y","origin":[8,16.5,7.125]},"faces":{"north":{"uv":[9.492,0.008,9.008,0.492],"texture":"#2"},"east":{"uv":[0.008,0.008,0.008,0.492],"texture":"#2"},"south":{"uv":[9.242,6.508,8.758,6.992],"texture":"#2"},"west":{"uv":[0.008,0.008,0.008,0.492],"texture":"#2"},"up":{"uv":[0.008,0.492,0.008,0.008],"rotation":270,"texture":"#2"},"down":{"uv":[0.008,0.008,0.008,0.492],"rotation":90,"texture":"#2"}}},{"from":[6.875,16.25,4.625],"to":[7.625,17,5.375],"rotation":{"angle":22.5,"axis":"z","origin":[7.25,16.625,4.9375]},"faces":{"north":{"uv":[9.492,6.508,9.258,6.742],"texture":"#2"},"east":{"uv":[6.742,9.258,6.508,9.492],"texture":"#2"},"south":{"uv":[5.992,9.258,5.758,9.492],"texture":"#2"},"west":{"uv":[5.742,9.258,5.508,9.492],"texture":"#2"},"up":{"uv":[6.758,9.492,6.992,9.258],"rotation":270,"texture":"#2"},"down":{"uv":[9.258,6.758,9.492,6.992],"rotation":90,"texture":"#2"}}},{"from":[6.375,15.75,4.875],"to":[8.125,17.5,4.875],"rotation":{"angle":22.5,"axis":"z","origin":[7.25,16.625,4.9375]},"faces":{"north":{"uv":[9.492,8.008,9.008,8.492],"texture":"#2"},"east":{"uv":[0.008,0.008,0.008,0.492],"texture":"#2"},"south":{"uv":[9.492,7.508,9.008,7.992],"texture":"#2"},"west":{"uv":[0.008,0.008,0.008,0.492],"texture":"#2"},"up":{"uv":[0.008,0.492,0.008,0.008],"rotation":270,"texture":"#2"},"down":{"uv":[0.008,0.008,0.008,0.492],"rotation":90,"texture":"#2"}}},{"from":[10.125,16.25,4.875],"to":[11.875,18,4.875],"rotation":{"angle":-45,"axis":"y","origin":[11,17.125,4.9375]},"faces":{"north":{"uv":[9.492,0.508,9.008,0.992],"texture":"#2"},"east":{"uv":[0.008,0.008,0.008,0.492],"texture":"#2"},"south":{"uv":[0.742,9.008,0.258,9.492],"texture":"#2"},"west":{"uv":[0.008,0.008,0.008,0.492],"texture":"#2"},"up":{"uv":[0.008,0.492,0.008,0.008],"rotation":270,"texture":"#2"},"down":{"uv":[0.008,0.008,0.008,0.492],"rotation":90,"texture":"#2"}}},{"from":[10.625,16.75,4.625],"to":[11.375,17.5,5.375],"rotation":{"angle":-45,"axis":"y","origin":[11,17.125,4.9375]},"faces":{"north":{"uv":[1.492,9.258,1.258,9.492],"texture":"#2"},"east":{"uv":[1.492,9.008,1.258,9.242],"texture":"#2"},"south":{"uv":[8.742,3.508,8.508,3.742],"texture":"#2"},"west":{"uv":[8.492,7.508,8.258,7.742],"texture":"#2"},"up":{"uv":[3.758,9.492,3.992,9.258],"rotation":270,"texture":"#2"},"down":{"uv":[9.258,3.758,9.492,3.992],"rotation":90,"texture":"#2"}}},{"from":[8.875,17.75,4.625],"to":[9.625,18.5,5.375],"rotation":{"angle":-45,"axis":"z","origin":[9.25,18.125,4.9375]},"faces":{"north":{"uv":[9.492,5.008,9.258,5.242],"texture":"#2"},"east":{"uv":[5.242,9.258,5.008,9.492],"texture":"#2"},"south":{"uv":[9.492,4.758,9.258,4.992],"texture":"#2"},"west":{"uv":[4.992,9.258,4.758,9.492],"texture":"#2"},"up":{"uv":[5.258,9.492,5.492,9.258],"rotation":270,"texture":"#2"},"down":{"uv":[9.258,5.258,9.492,5.492],"rotation":90,"texture":"#2"}}},{"from":[8.375,17.25,4.875],"to":[10.125,19,4.875],"rotation":{"angle":-45,"axis":"z","origin":[9.25,18.125,4.9375]},"faces":{"north":{"uv":[9.492,6.008,9.008,6.492],"texture":"#2"},"east":{"uv":[0.008,0.008,0.008,0.492],"texture":"#2"},"south":{"uv":[9.492,5.508,9.008,5.992],"texture":"#2"},"west":{"uv":[0.008,0.008,0.008,0.492],"texture":"#2"},"up":{"uv":[0.008,0.492,0.008,0.008],"rotation":270,"texture":"#2"},"down":{"uv":[0.008,0.008,0.008,0.492],"rotation":90,"texture":"#2"}}},{"from":[7.875,18.75,4.625],"to":[8.625,19.5,5.375],"rotation":{"angle":-22.5,"axis":"x","origin":[8.25,19.125,4.9375]},"faces":{"north":{"uv":[9.492,4.258,9.258,4.492],"texture":"#2"},"east":{"uv":[4.492,9.258,4.258,9.492],"texture":"#2"},"south":{"uv":[9.492,4.008,9.258,4.242],"texture":"#2"},"west":{"uv":[4.242,9.258,4.008,9.492],"texture":"#2"},"up":{"uv":[4.508,9.492,4.742,9.258],"rotation":270,"texture":"#2"},"down":{"uv":[9.258,4.508,9.492,4.742],"rotation":90,"texture":"#2"}}},{"from":[7.375,18.25,4.875],"to":[9.125,20,4.875],"rotation":{"angle":-22.5,"axis":"x","origin":[8.25,19.125,4.9375]},"faces":{"north":{"uv":[9.492,1.008,9.008,1.492],"texture":"#2"},"east":{"uv":[0.008,0.008,0.008,0.492],"texture":"#2"},"south":{"uv":[1.242,9.008,0.758,9.492],"texture":"#2"},"west":{"uv":[0.008,0.008,0.008,0.492],"texture":"#2"},"up":{"uv":[0.008,0.492,0.008,0.008],"rotation":270,"texture":"#2"},"down":{"uv":[0.008,0.008,0.008,0.492],"rotation":90,"texture":"#2"}}},{"from":[8.53806,17.93366,4.925],"to":[12.53806,19.68366,4.925],"rotation":{"angle":-22.5,"axis":"z","origin":[10.53806,18.80866,4.925]},"faces":{"north":{"uv":[9.492,3.008,8.508,3.492],"texture":"#2"},"east":{"uv":[5.742,7.758,5.508,8.242],"texture":"#2"},"south":{"uv":[9.242,7.008,8.258,7.492],"texture":"#2"},"west":{"uv":[7.492,6.008,7.258,6.492],"texture":"#2"},"up":{"uv":[8.758,6.492,8.992,5.508],"rotation":270,"texture":"#2"},"down":{"uv":[0.008,9.008,0.242,9.992],"rotation":90,"texture":"#2"}}},{"from":[9.875,16.75,6.625],"to":[11.375,18.25,8.125],"rotation":{"angle":45,"axis":"z","origin":[10.875,17.5,7.375]},"faces":{"north":{"uv":[9.008,8.508,9.492,8.992],"texture":"#2"},"east":{"uv":[9.008,9.008,9.492,9.492],"texture":"#2"},"south":{"uv":[9.258,1.508,9.742,1.992],"texture":"#2"},"west":{"uv":[8.508,9.008,8.992,9.492],"texture":"#2"},"up":{"uv":[9.742,2.492,9.258,2.008],"rotation":270,"texture":"#2"},"down":{"uv":[2.992,9.258,2.508,9.742],"rotation":90,"texture":"#2"}}},{"from":[-5.875,5,7.375],"to":[5.125,19,7.375],"rotation":{"angle":0,"axis":"y","origin":[3,17.5,7.375]},"faces":{"north":{"uv":[0.008,0.008,2.742,3.492],"texture":"#2"},"east":{"uv":[0.008,0.008,0.008,3.492],"texture":"#2"},"south":{"uv":[2.758,0.008,5.492,3.492],"texture":"#2"},"west":{"uv":[0.008,0.008,0.008,3.492],"texture":"#2"},"up":{"uv":[0.008,2.742,0.008,0.008],"rotation":270,"texture":"#2"},"down":{"uv":[0.008,0.008,0.008,2.742],"rotation":90,"texture":"#2"}}}],"display":{"thirdperson_righthand":{"rotation":[0,-90,0],"translation":[0,5.5,0]},"thirdperson_lefthand":{"rotation":[0,90,0],"translation":[0,5.5,0]},"firstperson_righthand":{"rotation":[0,-70,0],"translation":[0,3.5,0],"scale":[0.64,0.64,0.64]},"firstperson_lefthand":{"rotation":[0,120,0],"translation":[0.75,3.5,0],"scale":[0.64,0.64,0.64]},"ground":{"rotation":[45,0,0],"translation":[0,2.75,0],"scale":[0.34,0.34,0.34]},"gui":{"rotation":[0,0,-45],"translation":[1.25,-1.25,0],"scale":[0.51,0.51,0.51]},"head":{"rotation":[0,-90,0]},"fixed":{"rotation":[0,0,34],"translation":[0.75,1.5,0.25],"scale":[0.54,0.54,0.54]}}}