{"elements":[{"from":[6.142857,7.857143,7.285714],"to":[9.857143,13.285715,8.714286],"rotation":{"angle":0.0,"axis":"y","origin":[8.0,8.571428,8.0]},"faces":{"south":{"uv":[3.5,9.0,5.0,11.25],"rotation":0,"texture":"#0","tintindex":0},"north":{"uv":[1.5,9.0,3.0,11.25],"rotation":0,"texture":"#0","tintindex":0},"down":{"uv":[4.5,8.5,3.0,9.0],"rotation":0,"texture":"#0","tintindex":0},"east":{"uv":[1.0,9.0,1.5,11.25],"rotation":0,"texture":"#0","tintindex":0},"west":{"uv":[3.0,9.0,3.5,11.25],"rotation":0,"texture":"#0","tintindex":0},"up":{"uv":[3.0,9.0,1.5,8.5],"rotation":0,"texture":"#0","tintindex":0}}},{"from":[6.285714,8.0,7.428571],"to":[9.714286,13.142858,8.571428],"rotation":{"angle":0.0,"axis":"y","origin":[8.0,8.571428,8.0]},"faces":{"south":{"uv":[2.5,3.5,4.0,5.75],"rotation":0,"texture":"#0","tintindex":0},"north":{"uv":[0.5,3.5,2.0,5.75],"rotation":0,"texture":"#0","tintindex":0},"down":{"uv":[3.5,3.0,2.0,3.5],"rotation":0,"texture":"#0","tintindex":0},"east":{"uv":[0.0,3.5,0.5,5.75],"rotation":0,"texture":"#0","tintindex":0},"west":{"uv":[2.0,3.5,2.5,5.75],"rotation":0,"texture":"#0","tintindex":0},"up":{"uv":[2.0,3.5,0.5,3.0],"rotation":0,"texture":"#0","tintindex":0}}},{"from":[7.428571,12.0,6.5714283],"to":[8.571428,13.142858,7.714286],"rotation":{"angle":0.0,"axis":"y","origin":[8.0,12.0,7.142857]},"faces":{"south":{"uv":[1.5,6.5,2.0,7.0],"rotation":0,"texture":"#0","tintindex":0},"north":{"uv":[0.5,6.5,1.0,7.0],"rotation":0,"texture":"#0","tintindex":0},"down":{"uv":[1.5,6.0,1.0,6.5],"rotation":0,"texture":"#0","tintindex":0},"east":{"uv":[0.0,6.5,0.5,7.0],"rotation":0,"texture":"#0","tintindex":0},"west":{"uv":[1.0,6.5,1.5,7.0],"rotation":0,"texture":"#0","tintindex":0},"up":{"uv":[1.0,6.5,0.5,6.0],"rotation":0,"texture":"#0","tintindex":0}}},{"from":[6.0,11.714286,6.857143],"to":[7.714286,13.428572,7.428571],"rotation":{"angle":-45.0,"axis":"z","origin":[6.857143,12.571428,7.142857]},"faces":{"south":{"uv":[3.5,6.25,4.25,7.0],"rotation":0,"texture":"#0","tintindex":0},"north":{"uv":[2.5,6.25,3.25,7.0],"rotation":0,"texture":"#0","tintindex":0},"down":{"uv":[4.0,6.0,3.25,6.25],"rotation":0,"texture":"#0","tintindex":0},"east":{"uv":[2.25,6.25,2.5,7.0],"rotation":0,"texture":"#0","tintindex":0},"west":{"uv":[3.25,6.25,3.5,7.0],"rotation":0,"texture":"#0","tintindex":0},"up":{"uv":[3.25,6.25,2.5,6.0],"rotation":0,"texture":"#0","tintindex":0}}},{"from":[8.285714,11.714286,6.857143],"to":[10.0,13.428572,7.428571],"rotation":{"angle":45.0,"axis":"z","origin":[9.142858,12.571428,7.142857]},"faces":{"south":{"uv":[4.25,6.25,3.5,7.0],"rotation":0,"texture":"#0","tintindex":0},"north":{"uv":[3.25,6.25,2.5,7.0],"rotation":0,"texture":"#0","tintindex":0},"down":{"uv":[3.25,6.0,4.0,6.25],"rotation":0,"texture":"#0","tintindex":0},"east":{"uv":[3.5,6.25,3.25,7.0],"rotation":0,"texture":"#0","tintindex":0},"west":{"uv":[2.5,6.25,2.25,7.0],"rotation":0,"texture":"#0","tintindex":0},"up":{"uv":[2.5,6.25,3.25,6.0],"rotation":0,"texture":"#0","tintindex":0}}}],"textures":{"0":"modelengine:entity/gingerbread_man"},"display":{"head":{"translation":[0.0,-6.4,0.0],"scale":[4.0,4.0,4.0]}}}