{"elements":[{"from":[7.142857,3.7142854,7.428571],"to":[8.857143,8.857143,8.571428],"rotation":{"angle":0.0,"axis":"y","origin":[7.142857,4.285714,8.0]},"faces":{"south":{"uv":[6.0,3.5,6.75,5.75],"rotation":0,"texture":"#0","tintindex":0},"north":{"uv":[4.75,3.5,5.5,5.75],"rotation":0,"texture":"#0","tintindex":0},"down":{"uv":[6.25,3.0,5.5,3.5],"rotation":0,"texture":"#0","tintindex":0},"east":{"uv":[4.25,3.5,4.75,5.75],"rotation":0,"texture":"#0","tintindex":0},"west":{"uv":[5.5,3.5,6.0,5.75],"rotation":0,"texture":"#0","tintindex":0},"up":{"uv":[5.5,3.5,4.75,3.0],"rotation":0,"texture":"#0","tintindex":0}}},{"from":[7.0,3.5714283,7.285714],"to":[9.0,9.0,8.714286],"rotation":{"angle":0.0,"axis":"y","origin":[7.142857,4.285714,8.0]},"faces":{"south":{"uv":[8.75,6.0,9.5,8.25],"rotation":0,"texture":"#0","tintindex":0},"north":{"uv":[7.5,6.0,8.25,8.25],"rotation":0,"texture":"#0","tintindex":0},"down":{"uv":[9.0,5.5,8.25,6.0],"rotation":0,"texture":"#0","tintindex":0},"east":{"uv":[7.0,6.0,7.5,8.25],"rotation":0,"texture":"#0","tintindex":0},"west":{"uv":[8.25,6.0,8.75,8.25],"rotation":0,"texture":"#0","tintindex":0},"up":{"uv":[8.25,6.0,7.5,5.5],"rotation":0,"texture":"#0","tintindex":0}}}],"textures":{"0":"modelengine:entity/gingerbread_man"},"display":{"head":{"translation":[0.0,-6.4,0.0],"scale":[4.0,4.0,4.0]}}}