{
  "custom.discordcall": {
    "category": "master",
    "sounds": [
      "cakeworld/discordcall"
    ]
  },
  "custom.bam_hohol": {
    "category": "master",
    "sounds": [
      "cakeworld/bam_hohol"
    ]
  },
  "custom.stons": {
    "category": "master",
    "sounds": [
      "cakeworld/stons"
    ]
  },
  "custom.sirens": {
    "category": "sirens",
    "sounds": [
      "cakeworld/sirens"
    ]
  },
  "custom.sheep_trax_trax": {
    "category": "master",
    "sounds": [
      "cakeworld/sheep_trax_trax"
    ]
  }
}