{"model":{"type":"minecraft:range_dispatch","entries":[{"model":{"type":"minecraft:model","model":"heavenworld:item/info"},"threshold":10001},{"model":{"type":"minecraft:model","model":"heavenworld:item/left"},"threshold":10002},{"model":{"type":"minecraft:model","model":"heavenworld:item/right"},"threshold":10003},{"model":{"type":"minecraft:model","model":"heavenworld:item/home"},"threshold":10004},{"model":{"type":"minecraft:model","model":"heavenworld:item/refresh"},"threshold":10005},{"model":{"type":"minecraft:model","model":"heavenworld:item/sort"},"threshold":10006},{"model":{"type":"minecraft:model","model":"heavenworld:item/cat"},"threshold":10007},{"model":{"type":"minecraft:model","model":"heavenworld:item/allgrief"},"threshold":10100},{"model":{"type":"minecraft:model","model":"heavenworld:item/pve"},"threshold":10101},{"model":{"type":"minecraft:model","model":"heavenworld:item/season"},"threshold":10102},{"model":{"type":"minecraft:model","model":"heavenworld:item/spawner"},"threshold":10103},{"model":{"type":"minecraft:model","model":"heavenworld:item/sphere"},"threshold":10104},{"model":{"type":"minecraft:model","model":"heavenworld:item/kit"},"threshold":10105},{"model":{"type":"minecraft:model","model":"heavenworld:item/booster"},"threshold":10106},{"model":{"type":"minecraft:model","model":"heavenworld:item/mage"},"threshold":10107},{"model":{"type":"minecraft:model","model":"heavenworld:item/trident"},"threshold":10108},{"model":{"type":"minecraft:model","model":"heavenworld:item/aura"},"threshold":10109},{"model":{"type":"minecraft:model","model":"heavenworld:item/potion"},"threshold":10110},{"model":{"type":"minecraft:model","model":"heavenworld:item/ec"},"threshold":10111}],"fallback":{"type":"minecraft:model","model":"heavenworld:item/empty"},"property":"minecraft:custom_model_data"}}