{"display":{"thirdperson_righthand":{"rotation":[37,34,46],"translation":[-2.5,1.75,0],"scale":[0.75,0.75,0.75]},"thirdperson_lefthand":{"rotation":[37,34,46],"translation":[-2.5,1.75,0],"scale":[0.75,0.75,0.75]},"firstperson_righthand":{"rotation":[0,29,0],"translation":[1.5,4.5,0],"scale":[0.5,0.5,0.5]},"firstperson_lefthand":{"rotation":[0,-50,0],"translation":[1.5,4.5,0],"scale":[0.5,0.5,0.5]},"gui":{"rotation":[30,-135,0],"translation":[0.5,1.75,0]},"fixed":{"rotation":[0,89,0],"translation":[0,1.5,-3]}},"texture_size":[32,32],"textures":{"1":"kurapovfun:item/sphere/chaos","particle":"kurapovfun:item/sphere/chaos_2"},"elements":[{"from":[4.4,1.6,4.45],"to":[7.4,4.6,7.45],"rotation":{"angle":0,"axis":"y","origin":[8,5.79453,8]},"faces":{"north":{"uv":[1.54839,1.5484,3.09678,3.09678],"texture":"#1"},"east":{"uv":[5.16129,0.00001,6.70968,1.54839],"texture":"#1"},"south":{"uv":[3.09677,2.06452,4.64516,3.61291],"texture":"#1"},"west":{"uv":[0,1.54839,1.54839,3.09678],"texture":"#1"},"up":{"uv":[6.70968,3.61291,5.16129,2.06452],"texture":"#1"},"down":{"uv":[3.09677,1.5484,1.54839,3.09678],"texture":"#1"}}},{"from":[5.4,11.68906,11.85],"to":[7.2,9.88906,13.65],"rotation":{"angle":0,"axis":"y","origin":[8,5.79453,8]},"faces":{"north":{"uv":[6.70968,0,7.22581,0.51613],"texture":"#1"},"east":{"uv":[6.70968,0,7.22581,0.51613],"texture":"#1"},"south":{"uv":[6.70968,0,7.22581,0.51613],"texture":"#1"},"west":{"uv":[6.70968,0,7.22581,0.51613],"texture":"#1"},"up":{"uv":[6.70968,0,7.22581,0.51613],"texture":"#1"},"down":{"uv":[6.70968,0,7.22581,0.51613],"texture":"#1"}}},{"from":[8.4,1.68906,2.35],"to":[10.2,-0.11094,4.15],"rotation":{"angle":0,"axis":"y","origin":[8,5.79453,8]},"faces":{"north":{"uv":[6.70968,0,7.22581,0.51613],"texture":"#1"},"east":{"uv":[6.70968,0,7.22581,0.51613],"texture":"#1"},"south":{"uv":[6.70968,0,7.22581,0.51613],"texture":"#1"},"west":{"uv":[6.70968,0,7.22581,0.51613],"texture":"#1"},"up":{"uv":[6.70968,0,7.22581,0.51613],"texture":"#1"},"down":{"uv":[6.70968,0,7.22581,0.51613],"texture":"#1"}}},{"from":[4.2,6,4.45],"to":[7.2,9,7.45],"rotation":{"angle":0,"axis":"y","origin":[8,5.79453,8]},"faces":{"north":{"uv":[1.54839,0.00001,3.09678,1.5484],"texture":"#1"},"east":{"uv":[5.16129,0.00001,6.70968,1.54839],"texture":"#1"},"south":{"uv":[3.09677,0.00001,4.64516,1.5484],"texture":"#1"},"west":{"uv":[0,0.00001,1.54839,1.54839],"texture":"#1"},"up":{"uv":[3.09678,3.09678,1.54839,1.54839],"texture":"#1"},"down":{"uv":[6.70968,2.06452,5.16129,3.61291],"texture":"#1"}}},{"from":[7.4,5.8,4.25],"to":[4,9.2,7.65],"rotation":{"angle":0,"axis":"y","origin":[8,5.79453,8]},"faces":{"north":{"uv":[6.70968,0,7.22581,0.51613],"texture":"#1"},"east":{"uv":[6.70968,0,7.22581,0.51613],"texture":"#1"},"south":{"uv":[6.70968,0,7.22581,0.51613],"texture":"#1"},"west":{"uv":[6.70968,0,7.22581,0.51613],"texture":"#1"},"up":{"uv":[6.70968,0,7.22581,0.51613],"texture":"#1"},"down":{"uv":[6.70968,0,7.22581,0.51613],"texture":"#1"}}},{"from":[7.6,1.4,4.25],"to":[4.2,4.8,7.65],"rotation":{"angle":0,"axis":"y","origin":[8,5.79453,8]},"faces":{"north":{"uv":[6.70968,0,7.22581,0.51613],"texture":"#1"},"east":{"uv":[6.70968,0,7.22581,0.51613],"texture":"#1"},"south":{"uv":[6.70968,0,7.22581,0.51613],"texture":"#1"},"west":{"uv":[6.70968,0,7.22581,0.51613],"texture":"#1"},"up":{"uv":[6.70968,0,7.22581,0.51613],"texture":"#1"},"down":{"uv":[6.70968,0,7.22581,0.51613],"texture":"#1"}}},{"from":[11.6,2.8,3.75],"to":[8.2,6.2,7.15],"rotation":{"angle":0,"axis":"y","origin":[8,5.79453,8]},"faces":{"north":{"uv":[6.70968,0,7.22581,0.51613],"texture":"#1"},"east":{"uv":[6.70968,0,7.22581,0.51613],"texture":"#1"},"south":{"uv":[6.70968,0,7.22581,0.51613],"texture":"#1"},"west":{"uv":[6.70968,0,7.22581,0.51613],"texture":"#1"},"up":{"uv":[6.70968,0,7.22581,0.51613],"texture":"#1"},"down":{"uv":[6.70968,0,7.22581,0.51613],"texture":"#1"}}},{"from":[8,2.4,8.25],"to":[4.6,5.8,11.65],"rotation":{"angle":0,"axis":"y","origin":[8,5.79453,8]},"faces":{"north":{"uv":[6.70968,0,7.22581,0.51613],"texture":"#1"},"east":{"uv":[6.70968,0,7.22581,0.51613],"texture":"#1"},"south":{"uv":[6.70968,0,7.22581,0.51613],"texture":"#1"},"west":{"uv":[6.70968,0,7.22581,0.51613],"texture":"#1"},"up":{"uv":[6.70968,0,7.22581,0.51613],"texture":"#1"},"down":{"uv":[6.70968,0,7.22581,0.51613],"texture":"#1"}}},{"from":[11.4,2.8,7.45],"to":[8,6.2,10.85],"rotation":{"angle":0,"axis":"y","origin":[8,5.79453,8]},"faces":{"north":{"uv":[6.70968,0,7.22581,0.51613],"texture":"#1"},"east":{"uv":[6.70968,0,7.22581,0.51613],"texture":"#1"},"south":{"uv":[6.70968,0,7.22581,0.51613],"texture":"#1"},"west":{"uv":[6.70968,0,7.22581,0.51613],"texture":"#1"},"up":{"uv":[6.70968,0,7.22581,0.51613],"texture":"#1"},"down":{"uv":[6.70968,0,7.22581,0.51613],"texture":"#1"}}},{"from":[8,6.1,8.05],"to":[4.6,9.5,11.45],"rotation":{"angle":0,"axis":"y","origin":[8,5.79453,8]},"faces":{"north":{"uv":[6.70968,0,7.22581,0.51613],"texture":"#1"},"east":{"uv":[6.70968,0,7.22581,0.51613],"texture":"#1"},"south":{"uv":[6.70968,0,7.22581,0.51613],"texture":"#1"},"west":{"uv":[6.70968,0,7.22581,0.51613],"texture":"#1"},"up":{"uv":[6.70968,0,7.22581,0.51613],"texture":"#1"},"down":{"uv":[6.70968,0,7.22581,0.51613],"texture":"#1"}}},{"from":[12,7.8,8.25],"to":[8.6,11.2,11.65],"rotation":{"angle":0,"axis":"y","origin":[8,5.79453,8]},"faces":{"north":{"uv":[6.70968,0,7.22581,0.51613],"texture":"#1"},"east":{"uv":[6.70968,0,7.22581,0.51613],"texture":"#1"},"south":{"uv":[6.70968,0,7.22581,0.51613],"texture":"#1"},"west":{"uv":[6.70968,0,7.22581,0.51613],"texture":"#1"},"up":{"uv":[6.70968,0,7.22581,0.51613],"texture":"#1"},"down":{"uv":[6.70968,0,7.22581,0.51613],"texture":"#1"}}},{"from":[11,6.3,3.85],"to":[7.6,9.7,7.25],"rotation":{"angle":0,"axis":"y","origin":[8,5.79453,8]},"faces":{"north":{"uv":[6.70968,0,7.22581,0.51613],"texture":"#1"},"east":{"uv":[6.70968,0,7.22581,0.51613],"texture":"#1"},"south":{"uv":[6.70968,0,7.22581,0.51613],"texture":"#1"},"west":{"uv":[6.70968,0,7.22581,0.51613],"texture":"#1"},"up":{"uv":[6.70968,0,7.22581,0.51613],"texture":"#1"},"down":{"uv":[6.70968,0,7.22581,0.51613],"texture":"#1"}}},{"from":[4.8,6.3,8.25],"to":[7.8,9.3,11.25],"rotation":{"angle":0,"axis":"y","origin":[8,5.79453,8]},"faces":{"north":{"uv":[5.16129,0.00001,6.70968,1.5484],"texture":"#1"},"east":{"uv":[3.09677,0.00001,4.64516,1.54839],"texture":"#1"},"south":{"uv":[0,0.00001,1.54839,1.5484],"texture":"#1"},"west":{"uv":[1.54839,0.00001,3.09678,1.54839],"texture":"#1"},"up":{"uv":[3.09678,1.54839,1.54839,0],"texture":"#1"},"down":{"uv":[6.70968,0.00001,5.16129,1.5484],"texture":"#1"}}},{"from":[4.8,2.6,8.45],"to":[7.8,5.6,11.45],"rotation":{"angle":0,"axis":"y","origin":[8,5.79453,8]},"faces":{"north":{"uv":[5.16129,0.00001,6.70968,1.5484],"texture":"#1"},"east":{"uv":[3.09677,2.06452,4.64516,3.61291],"texture":"#1"},"south":{"uv":[0,1.5484,1.54839,3.09678],"texture":"#1"},"west":{"uv":[1.54839,1.54839,3.09678,3.09678],"texture":"#1"},"up":{"uv":[3.09678,1.54839,1.54839,0],"texture":"#1"},"down":{"uv":[3.09677,0.00001,1.54839,1.5484],"texture":"#1"}}},{"from":[7.8,6.5,4.05],"to":[10.8,9.5,7.05],"rotation":{"angle":0,"axis":"y","origin":[8,5.79453,8]},"faces":{"north":{"uv":[0,0.00001,1.54839,1.5484],"texture":"#1"},"east":{"uv":[1.54839,0.00001,3.09678,1.54839],"texture":"#1"},"south":{"uv":[5.16129,0.00001,6.70968,1.5484],"texture":"#1"},"west":{"uv":[3.09677,0.00001,4.64516,1.54839],"texture":"#1"},"up":{"uv":[1.54839,3.09678,0,1.54839],"texture":"#1"},"down":{"uv":[4.64516,2.06452,3.09678,3.61291],"texture":"#1"}}},{"from":[8.8,8,8.45],"to":[11.8,11,11.45],"rotation":{"angle":0,"axis":"y","origin":[8,5.79453,8]},"faces":{"north":{"uv":[3.09677,0.00001,4.64516,1.5484],"texture":"#1"},"east":{"uv":[0,0.00001,1.54839,1.54839],"texture":"#1"},"south":{"uv":[1.54839,0.00001,3.09678,1.5484],"texture":"#1"},"west":{"uv":[5.16129,0.00001,6.70968,1.54839],"texture":"#1"},"up":{"uv":[1.54839,1.54839,0,0],"texture":"#1"},"down":{"uv":[4.64516,0.00001,3.09678,1.5484],"texture":"#1"}}},{"from":[8.4,3,3.95],"to":[11.4,6,6.95],"rotation":{"angle":0,"axis":"y","origin":[8,5.79453,8]},"faces":{"north":{"uv":[0,1.5484,1.54839,3.09678],"texture":"#1"},"east":{"uv":[1.54839,1.54839,3.09678,3.09678],"texture":"#1"},"south":{"uv":[5.16129,0.00001,6.70968,1.5484],"texture":"#1"},"west":{"uv":[3.09677,2.06452,4.64516,3.61291],"texture":"#1"},"up":{"uv":[4.64516,3.61291,3.09677,2.06452],"texture":"#1"},"down":{"uv":[1.54839,1.5484,0,3.09678],"texture":"#1"}}},{"from":[8.2,3,7.65],"to":[11.2,6,10.65],"rotation":{"angle":0,"axis":"y","origin":[8,5.79453,8]},"faces":{"north":{"uv":[0,1.5484,1.54839,3.09678],"texture":"#1"},"east":{"uv":[0,1.54839,1.54839,3.09678],"texture":"#1"},"south":{"uv":[1.54839,1.5484,3.09678,3.09678],"texture":"#1"},"west":{"uv":[5.16129,0.00001,6.70968,1.54839],"texture":"#1"},"up":{"uv":[4.64516,1.54839,3.09677,0],"texture":"#1"},"down":{"uv":[1.54839,0.00001,0,1.5484],"texture":"#1"}}},{"from":[5.6,10.1,12.05],"to":[7,11.5,13.45],"rotation":{"angle":0,"axis":"y","origin":[8,5.79453,8]},"faces":{"north":{"uv":[5.16129,0.00001,5.66129,0.50001],"texture":"#1"},"east":{"uv":[3.09677,0.00001,3.59677,0.50001],"texture":"#1"},"south":{"uv":[0,0.00001,0.5,0.50001],"texture":"#1"},"west":{"uv":[1.54839,0.00001,2.04839,0.50001],"texture":"#1"},"up":{"uv":[2.04839,0.5,1.54839,0],"texture":"#1"},"down":{"uv":[5.66129,0.00001,5.16129,0.50001],"texture":"#1"}}},{"from":[8.6,0.1,2.55703],"to":[10,1.5,3.95703],"rotation":{"angle":0,"axis":"y","origin":[8,5.79453,8]},"faces":{"north":{"uv":[0.5,0.00001,0,0.50001],"texture":"#1"},"east":{"uv":[3.59677,0.00001,3.09677,0.50001],"texture":"#1"},"south":{"uv":[5.66129,0.00001,5.16129,0.50001],"texture":"#1"},"west":{"uv":[2.04839,0.00001,1.54839,0.50001],"texture":"#1"},"up":{"uv":[2.04839,0,1.54839,0.5],"texture":"#1"},"down":{"uv":[5.66129,0.50001,5.16129,0.00001],"texture":"#1"}}},{"from":[4.4,1.35,4.45],"to":[7.4,4.35,7.45],"rotation":{"angle":0,"axis":"y","origin":[8,5.54453,8]},"faces":{"north":{"uv":[1.54839,5.1613,3.09678,6.70969],"texture":"#1"},"east":{"uv":[5.16129,3.61291,6.70968,5.1613],"texture":"#1"},"south":{"uv":[3.09677,5.67743,4.64516,7.22582],"texture":"#1"},"west":{"uv":[0,5.1613,1.54839,6.70969],"texture":"#1"},"up":{"uv":[6.70968,7.22581,5.16129,5.67743],"texture":"#1"},"down":{"uv":[3.09677,5.1613,1.54839,6.70969],"texture":"#1"}}},{"from":[5.2,11.88906,12.05],"to":[7,10.08906,13.85],"rotation":{"angle":0,"axis":"y","origin":[7.8,5.99453,8.2]},"faces":{"north":{"uv":[6.70968,3.61291,7.22581,4.12903],"texture":"#1"},"east":{"uv":[6.70968,3.61291,7.22581,4.12903],"texture":"#1"},"south":{"uv":[6.70968,3.61291,7.22581,4.12903],"texture":"#1"},"west":{"uv":[6.70968,3.61291,7.22581,4.12903],"texture":"#1"},"up":{"uv":[6.70968,3.61291,7.22581,4.12903],"texture":"#1"},"down":{"uv":[6.70968,3.61291,7.22581,4.12903],"texture":"#1"}}},{"from":[8.4,1.48906,2.15],"to":[10.2,-0.31094,3.95],"rotation":{"angle":0,"axis":"y","origin":[8,5.59453,7.8]},"faces":{"north":{"uv":[6.70968,3.61291,7.22581,4.12903],"texture":"#1"},"east":{"uv":[6.70968,3.61291,7.22581,4.12903],"texture":"#1"},"south":{"uv":[6.70968,3.61291,7.22581,4.12903],"texture":"#1"},"west":{"uv":[6.70968,3.61291,7.22581,4.12903],"texture":"#1"},"up":{"uv":[6.70968,3.61291,7.22581,4.12903],"texture":"#1"},"down":{"uv":[6.70968,3.61291,7.22581,4.12903],"texture":"#1"}}},{"from":[4.2,6,4.45],"to":[7.2,9,7.45],"rotation":{"angle":0,"axis":"y","origin":[8,5.79453,8]},"faces":{"north":{"uv":[1.54839,3.61291,3.09678,5.1613],"texture":"#1"},"east":{"uv":[5.16129,3.61291,6.70968,5.1613],"texture":"#1"},"south":{"uv":[3.09677,3.61291,4.64516,5.1613],"texture":"#1"},"west":{"uv":[0,3.61291,1.54839,5.1613],"texture":"#1"},"up":{"uv":[3.09678,6.70968,1.54839,5.1613],"texture":"#1"},"down":{"uv":[6.70968,5.67743,5.16129,7.22582],"texture":"#1"}}},{"from":[7.4,5.8,4.25],"to":[4,9.2,7.65],"rotation":{"angle":0,"axis":"y","origin":[8,5.79453,8]},"faces":{"north":{"uv":[6.70968,3.61291,7.22581,4.12903],"texture":"#1"},"east":{"uv":[6.70968,3.61291,7.22581,4.12903],"texture":"#1"},"south":{"uv":[6.70968,3.61291,7.22581,4.12903],"texture":"#1"},"west":{"uv":[6.70968,3.61291,7.22581,4.12903],"texture":"#1"},"up":{"uv":[6.70968,3.61291,7.22581,4.12903],"texture":"#1"},"down":{"uv":[6.70968,3.61291,7.22581,4.12903],"texture":"#1"}}},{"from":[7.6,1.15,4.25],"to":[4.2,4.55,7.65],"rotation":{"angle":0,"axis":"y","origin":[8,5.54453,8]},"faces":{"north":{"uv":[6.70968,3.61291,7.22581,4.12903],"texture":"#1"},"east":{"uv":[6.70968,3.61291,7.22581,4.12903],"texture":"#1"},"south":{"uv":[6.70968,3.61291,7.22581,4.12903],"texture":"#1"},"west":{"uv":[6.70968,3.61291,7.22581,4.12903],"texture":"#1"},"up":{"uv":[6.70968,3.61291,7.22581,4.12903],"texture":"#1"},"down":{"uv":[6.70968,3.61291,7.22581,4.12903],"texture":"#1"}}},{"from":[11.6,2.8,3.75],"to":[8.2,6.2,7.15],"rotation":{"angle":0,"axis":"y","origin":[8,5.79453,8]},"faces":{"north":{"uv":[6.70968,3.61291,7.22581,4.12903],"texture":"#1"},"east":{"uv":[6.70968,3.61291,7.22581,4.12903],"texture":"#1"},"south":{"uv":[6.70968,3.61291,7.22581,4.12903],"texture":"#1"},"west":{"uv":[6.70968,3.61291,7.22581,4.12903],"texture":"#1"},"up":{"uv":[6.70968,3.61291,7.22581,4.12903],"texture":"#1"},"down":{"uv":[6.70968,3.61291,7.22581,4.12903],"texture":"#1"}}},{"from":[7.5,1.9,8.75],"to":[4.1,5.3,12.15],"rotation":{"angle":0,"axis":"y","origin":[7.5,5.29453,8.5]},"faces":{"north":{"uv":[6.70968,3.61291,7.22581,4.12903],"texture":"#1"},"east":{"uv":[6.70968,3.61291,7.22581,4.12903],"texture":"#1"},"south":{"uv":[6.70968,3.61291,7.22581,4.12903],"texture":"#1"},"west":{"uv":[6.70968,3.61291,7.22581,4.12903],"texture":"#1"},"up":{"uv":[6.70968,3.61291,7.22581,4.12903],"texture":"#1"},"down":{"uv":[6.70968,3.61291,7.22581,4.12903],"texture":"#1"}}},{"from":[11.65,2.55,7.7],"to":[8.25,5.95,11.1],"rotation":{"angle":0,"axis":"y","origin":[8.25,5.54453,8.25]},"faces":{"north":{"uv":[6.70968,3.61291,7.22581,4.12903],"texture":"#1"},"east":{"uv":[6.70968,3.61291,7.22581,4.12903],"texture":"#1"},"south":{"uv":[6.70968,3.61291,7.22581,4.12903],"texture":"#1"},"west":{"uv":[6.70968,3.61291,7.22581,4.12903],"texture":"#1"},"up":{"uv":[6.70968,3.61291,7.22581,4.12903],"texture":"#1"},"down":{"uv":[6.70968,3.61291,7.22581,4.12903],"texture":"#1"}}},{"from":[8,6.1,8.05],"to":[4.6,9.5,11.45],"rotation":{"angle":0,"axis":"y","origin":[8,5.79453,8]},"faces":{"north":{"uv":[6.70968,3.61291,7.22581,4.12903],"texture":"#1"},"east":{"uv":[6.70968,3.61291,7.22581,4.12903],"texture":"#1"},"south":{"uv":[6.70968,3.61291,7.22581,4.12903],"texture":"#1"},"west":{"uv":[6.70968,3.61291,7.22581,4.12903],"texture":"#1"},"up":{"uv":[6.70968,3.61291,7.22581,4.12903],"texture":"#1"},"down":{"uv":[6.70968,3.61291,7.22581,4.12903],"texture":"#1"}}},{"from":[12,7.8,8.25],"to":[8.6,11.2,11.65],"rotation":{"angle":0,"axis":"y","origin":[8,5.79453,8]},"faces":{"north":{"uv":[6.70968,3.61291,7.22581,4.12903],"texture":"#1"},"east":{"uv":[6.70968,3.61291,7.22581,4.12903],"texture":"#1"},"south":{"uv":[6.70968,3.61291,7.22581,4.12903],"texture":"#1"},"west":{"uv":[6.70968,3.61291,7.22581,4.12903],"texture":"#1"},"up":{"uv":[6.70968,3.61291,7.22581,4.12903],"texture":"#1"},"down":{"uv":[6.70968,3.61291,7.22581,4.12903],"texture":"#1"}}},{"from":[11.5,6.8,3.35],"to":[8.1,10.2,6.75],"rotation":{"angle":0,"axis":"y","origin":[8.5,6.29453,7.5]},"faces":{"north":{"uv":[6.70968,3.61291,7.22581,4.12903],"texture":"#1"},"east":{"uv":[6.70968,3.61291,7.22581,4.12903],"texture":"#1"},"south":{"uv":[6.70968,3.61291,7.22581,4.12903],"texture":"#1"},"west":{"uv":[6.70968,3.61291,7.22581,4.12903],"texture":"#1"},"up":{"uv":[6.70968,3.61291,7.22581,4.12903],"texture":"#1"},"down":{"uv":[6.70968,3.61291,7.22581,4.12903],"texture":"#1"}}},{"from":[4.8,6.3,8.25],"to":[7.8,9.3,11.25],"rotation":{"angle":0,"axis":"y","origin":[8,5.79453,8]},"faces":{"north":{"uv":[5.16129,3.61291,6.70968,5.1613],"texture":"#1"},"east":{"uv":[3.09677,3.61291,4.64516,5.1613],"texture":"#1"},"south":{"uv":[0,3.61291,1.54839,5.1613],"texture":"#1"},"west":{"uv":[1.54839,3.61291,3.09678,5.1613],"texture":"#1"},"up":{"uv":[3.09678,5.1613,1.54839,3.61291],"texture":"#1"},"down":{"uv":[6.70968,3.61291,5.16129,5.1613],"texture":"#1"}}},{"from":[4.3,2.1,8.95],"to":[7.3,5.1,11.95],"rotation":{"angle":0,"axis":"y","origin":[7.5,5.29453,8.5]},"faces":{"north":{"uv":[5.16129,3.61291,6.70968,5.1613],"texture":"#1"},"east":{"uv":[3.09677,5.67743,4.64516,7.22582],"texture":"#1"},"south":{"uv":[0,5.1613,1.54839,6.70969],"texture":"#1"},"west":{"uv":[1.54839,5.1613,3.09678,6.70969],"texture":"#1"},"up":{"uv":[3.09678,5.1613,1.54839,3.61291],"texture":"#1"},"down":{"uv":[3.09677,3.61291,1.54839,5.1613],"texture":"#1"}}},{"from":[8.3,7,3.55],"to":[11.3,10,6.55],"rotation":{"angle":0,"axis":"y","origin":[8.5,6.29453,7.5]},"faces":{"north":{"uv":[0,3.61291,1.54839,5.1613],"texture":"#1"},"east":{"uv":[1.54839,3.61291,3.09678,5.1613],"texture":"#1"},"south":{"uv":[5.16129,3.61291,6.70968,5.1613],"texture":"#1"},"west":{"uv":[3.09677,3.61291,4.64516,5.1613],"texture":"#1"},"up":{"uv":[1.54839,6.70968,0,5.1613],"texture":"#1"},"down":{"uv":[4.64516,5.67743,3.09678,7.22582],"texture":"#1"}}},{"from":[8.8,8,8.45],"to":[11.8,11,11.45],"rotation":{"angle":0,"axis":"y","origin":[8,5.79453,8]},"faces":{"north":{"uv":[3.09677,3.61291,4.64516,5.1613],"texture":"#1"},"east":{"uv":[0,3.61291,1.54839,5.1613],"texture":"#1"},"south":{"uv":[1.54839,3.61291,3.09678,5.1613],"texture":"#1"},"west":{"uv":[5.16129,3.61291,6.70968,5.1613],"texture":"#1"},"up":{"uv":[1.54839,5.1613,0,3.61291],"texture":"#1"},"down":{"uv":[4.64516,3.61291,3.09678,5.1613],"texture":"#1"}}},{"from":[8.4,3,3.95],"to":[11.4,6,6.95],"rotation":{"angle":0,"axis":"y","origin":[8,5.79453,8]},"faces":{"north":{"uv":[0,5.1613,1.54839,6.70969],"texture":"#1"},"east":{"uv":[1.54839,5.1613,3.09678,6.70969],"texture":"#1"},"south":{"uv":[5.16129,3.61291,6.70968,5.1613],"texture":"#1"},"west":{"uv":[3.09677,5.67743,4.64516,7.22582],"texture":"#1"},"up":{"uv":[4.64516,7.22581,3.09677,5.67743],"texture":"#1"},"down":{"uv":[1.54839,5.1613,0,6.70969],"texture":"#1"}}},{"from":[8.45,2.75,7.9],"to":[11.45,5.75,10.9],"rotation":{"angle":0,"axis":"y","origin":[8.25,5.54453,8.25]},"faces":{"north":{"uv":[0,5.1613,1.54839,6.70969],"texture":"#1"},"east":{"uv":[0,5.1613,1.54839,6.70969],"texture":"#1"},"south":{"uv":[1.54839,5.1613,3.09678,6.70969],"texture":"#1"},"west":{"uv":[5.16129,3.61291,6.70968,5.1613],"texture":"#1"},"up":{"uv":[4.64516,5.1613,3.09677,3.61291],"texture":"#1"},"down":{"uv":[1.54839,3.61291,0,5.1613],"texture":"#1"}}},{"from":[5.4,10.3,12.25],"to":[6.8,11.7,13.65],"rotation":{"angle":0,"axis":"y","origin":[7.8,5.99453,8.2]},"faces":{"north":{"uv":[5.16129,3.61291,5.66129,4.11291],"texture":"#1"},"east":{"uv":[3.09677,3.61291,3.59677,4.11291],"texture":"#1"},"south":{"uv":[0,3.61291,0.5,4.11291],"texture":"#1"},"west":{"uv":[1.54839,3.61291,2.04839,4.11291],"texture":"#1"},"up":{"uv":[2.04839,4.1129,1.54839,3.61291],"texture":"#1"},"down":{"uv":[5.66129,3.61291,5.16129,4.11291],"texture":"#1"}}},{"from":[8.6,-0.1,2.35703],"to":[10,1.3,3.75703],"rotation":{"angle":0,"axis":"y","origin":[8,5.59453,7.8]},"faces":{"north":{"uv":[0.5,3.61291,0,4.11291],"texture":"#1"},"east":{"uv":[3.59677,3.61291,3.09677,4.11291],"texture":"#1"},"south":{"uv":[5.66129,3.61291,5.16129,4.11291],"texture":"#1"},"west":{"uv":[2.04839,3.61291,1.54839,4.11291],"texture":"#1"},"up":{"uv":[2.04839,3.61291,1.54839,4.1129],"texture":"#1"},"down":{"uv":[5.66129,4.11291,5.16129,3.61291],"texture":"#1"}}},{"from":[4.4,1.1,4.45],"to":[7.4,4.1,7.45],"rotation":{"angle":0,"axis":"y","origin":[8,5.29453,8]},"faces":{"north":{"uv":[1.54839,8.7742,3.09678,10.32259],"texture":"#1"},"east":{"uv":[5.16129,7.22581,6.70968,8.7742],"texture":"#1"},"south":{"uv":[3.09677,9.29032,4.64516,10.83872],"texture":"#1"},"west":{"uv":[0,8.7742,1.54839,10.32259],"texture":"#1"},"up":{"uv":[6.70968,10.83871,5.16129,9.29032],"texture":"#1"},"down":{"uv":[3.09677,8.7742,1.54839,10.32259],"texture":"#1"}}},{"from":[5,12.08906,12.25],"to":[6.8,10.28906,14.05],"rotation":{"angle":0,"axis":"y","origin":[7.6,6.19453,8.4]},"faces":{"north":{"uv":[6.70968,7.22581,7.22581,7.74194],"texture":"#1"},"east":{"uv":[6.70968,7.22581,7.22581,7.74194],"texture":"#1"},"south":{"uv":[6.70968,7.22581,7.22581,7.74194],"texture":"#1"},"west":{"uv":[6.70968,7.22581,7.22581,7.74194],"texture":"#1"},"up":{"uv":[6.70968,7.22581,7.22581,7.74194],"texture":"#1"},"down":{"uv":[6.70968,7.22581,7.22581,7.74194],"texture":"#1"}}},{"from":[8.4,1.08906,1.75],"to":[10.2,-0.71094,3.55],"rotation":{"angle":0,"axis":"y","origin":[8,5.19453,7.4]},"faces":{"north":{"uv":[6.70968,7.22581,7.22581,7.74194],"texture":"#1"},"east":{"uv":[6.70968,7.22581,7.22581,7.74194],"texture":"#1"},"south":{"uv":[6.70968,7.22581,7.22581,7.74194],"texture":"#1"},"west":{"uv":[6.70968,7.22581,7.22581,7.74194],"texture":"#1"},"up":{"uv":[6.70968,7.22581,7.22581,7.74194],"texture":"#1"},"down":{"uv":[6.70968,7.22581,7.22581,7.74194],"texture":"#1"}}},{"from":[4.2,6,4.45],"to":[7.2,9,7.45],"rotation":{"angle":0,"axis":"y","origin":[8,5.79453,8]},"faces":{"north":{"uv":[1.54839,7.22581,3.09678,8.7742],"texture":"#1"},"east":{"uv":[5.16129,7.22581,6.70968,8.7742],"texture":"#1"},"south":{"uv":[3.09677,7.22581,4.64516,8.7742],"texture":"#1"},"west":{"uv":[0,7.22581,1.54839,8.7742],"texture":"#1"},"up":{"uv":[3.09678,10.32258,1.54839,8.7742],"texture":"#1"},"down":{"uv":[6.70968,9.29032,5.16129,10.83872],"texture":"#1"}}},{"from":[7.4,5.8,4.25],"to":[4,9.2,7.65],"rotation":{"angle":0,"axis":"y","origin":[8,5.79453,8]},"faces":{"north":{"uv":[6.70968,7.22581,7.22581,7.74194],"texture":"#1"},"east":{"uv":[6.70968,7.22581,7.22581,7.74194],"texture":"#1"},"south":{"uv":[6.70968,7.22581,7.22581,7.74194],"texture":"#1"},"west":{"uv":[6.70968,7.22581,7.22581,7.74194],"texture":"#1"},"up":{"uv":[6.70968,7.22581,7.22581,7.74194],"texture":"#1"},"down":{"uv":[6.70968,7.22581,7.22581,7.74194],"texture":"#1"}}},{"from":[7.6,0.9,4.25],"to":[4.2,4.3,7.65],"rotation":{"angle":0,"axis":"y","origin":[8,5.29453,8]},"faces":{"north":{"uv":[6.70968,7.22581,7.22581,7.74194],"texture":"#1"},"east":{"uv":[6.70968,7.22581,7.22581,7.74194],"texture":"#1"},"south":{"uv":[6.70968,7.22581,7.22581,7.74194],"texture":"#1"},"west":{"uv":[6.70968,7.22581,7.22581,7.74194],"texture":"#1"},"up":{"uv":[6.70968,7.22581,7.22581,7.74194],"texture":"#1"},"down":{"uv":[6.70968,7.22581,7.22581,7.74194],"texture":"#1"}}},{"from":[11.6,2.8,3.75],"to":[8.2,6.2,7.15],"rotation":{"angle":0,"axis":"y","origin":[8,5.79453,8]},"faces":{"north":{"uv":[6.70968,7.22581,7.22581,7.74194],"texture":"#1"},"east":{"uv":[6.70968,7.22581,7.22581,7.74194],"texture":"#1"},"south":{"uv":[6.70968,7.22581,7.22581,7.74194],"texture":"#1"},"west":{"uv":[6.70968,7.22581,7.22581,7.74194],"texture":"#1"},"up":{"uv":[6.70968,7.22581,7.22581,7.74194],"texture":"#1"},"down":{"uv":[6.70968,7.22581,7.22581,7.74194],"texture":"#1"}}},{"from":[7,1.4,9.25],"to":[3.6,4.8,12.65],"rotation":{"angle":0,"axis":"y","origin":[7,4.79453,9]},"faces":{"north":{"uv":[6.70968,7.22581,7.22581,7.74194],"texture":"#1"},"east":{"uv":[6.70968,7.22581,7.22581,7.74194],"texture":"#1"},"south":{"uv":[6.70968,7.22581,7.22581,7.74194],"texture":"#1"},"west":{"uv":[6.70968,7.22581,7.22581,7.74194],"texture":"#1"},"up":{"uv":[6.70968,7.22581,7.22581,7.74194],"texture":"#1"},"down":{"uv":[6.70968,7.22581,7.22581,7.74194],"texture":"#1"}}},{"from":[11.9,2.3,7.95],"to":[8.5,5.7,11.35],"rotation":{"angle":0,"axis":"y","origin":[8.5,5.29453,8.5]},"faces":{"north":{"uv":[6.70968,7.22581,7.22581,7.74194],"texture":"#1"},"east":{"uv":[6.70968,7.22581,7.22581,7.74194],"texture":"#1"},"south":{"uv":[6.70968,7.22581,7.22581,7.74194],"texture":"#1"},"west":{"uv":[6.70968,7.22581,7.22581,7.74194],"texture":"#1"},"up":{"uv":[6.70968,7.22581,7.22581,7.74194],"texture":"#1"},"down":{"uv":[6.70968,7.22581,7.22581,7.74194],"texture":"#1"}}},{"from":[8,6.1,8.05],"to":[4.6,9.5,11.45],"rotation":{"angle":0,"axis":"y","origin":[8,5.79453,8]},"faces":{"north":{"uv":[6.70968,7.22581,7.22581,7.74194],"texture":"#1"},"east":{"uv":[6.70968,7.22581,7.22581,7.74194],"texture":"#1"},"south":{"uv":[6.70968,7.22581,7.22581,7.74194],"texture":"#1"},"west":{"uv":[6.70968,7.22581,7.22581,7.74194],"texture":"#1"},"up":{"uv":[6.70968,7.22581,7.22581,7.74194],"texture":"#1"},"down":{"uv":[6.70968,7.22581,7.22581,7.74194],"texture":"#1"}}},{"from":[12,7.8,8.25],"to":[8.6,11.2,11.65],"rotation":{"angle":0,"axis":"y","origin":[8,5.79453,8]},"faces":{"north":{"uv":[6.70968,7.22581,7.22581,7.74194],"texture":"#1"},"east":{"uv":[6.70968,7.22581,7.22581,7.74194],"texture":"#1"},"south":{"uv":[6.70968,7.22581,7.22581,7.74194],"texture":"#1"},"west":{"uv":[6.70968,7.22581,7.22581,7.74194],"texture":"#1"},"up":{"uv":[6.70968,7.22581,7.22581,7.74194],"texture":"#1"},"down":{"uv":[6.70968,7.22581,7.22581,7.74194],"texture":"#1"}}},{"from":[12,7.3,2.85],"to":[8.6,10.7,6.25],"rotation":{"angle":0,"axis":"y","origin":[9,6.79453,7]},"faces":{"north":{"uv":[6.70968,7.22581,7.22581,7.74194],"texture":"#1"},"east":{"uv":[6.70968,7.22581,7.22581,7.74194],"texture":"#1"},"south":{"uv":[6.70968,7.22581,7.22581,7.74194],"texture":"#1"},"west":{"uv":[6.70968,7.22581,7.22581,7.74194],"texture":"#1"},"up":{"uv":[6.70968,7.22581,7.22581,7.74194],"texture":"#1"},"down":{"uv":[6.70968,7.22581,7.22581,7.74194],"texture":"#1"}}},{"from":[4.8,6.3,8.25],"to":[7.8,9.3,11.25],"rotation":{"angle":0,"axis":"y","origin":[8,5.79453,8]},"faces":{"north":{"uv":[5.16129,7.22581,6.70968,8.7742],"texture":"#1"},"east":{"uv":[3.09677,7.22581,4.64516,8.7742],"texture":"#1"},"south":{"uv":[0,7.22581,1.54839,8.7742],"texture":"#1"},"west":{"uv":[1.54839,7.22581,3.09678,8.7742],"texture":"#1"},"up":{"uv":[3.09678,8.7742,1.54839,7.22581],"texture":"#1"},"down":{"uv":[6.70968,7.22581,5.16129,8.7742],"texture":"#1"}}},{"from":[3.8,1.6,9.45],"to":[6.8,4.6,12.45],"rotation":{"angle":0,"axis":"y","origin":[7,4.79453,9]},"faces":{"north":{"uv":[5.16129,7.22581,6.70968,8.7742],"texture":"#1"},"east":{"uv":[3.09677,9.29032,4.64516,10.83872],"texture":"#1"},"south":{"uv":[0,8.7742,1.54839,10.32259],"texture":"#1"},"west":{"uv":[1.54839,8.7742,3.09678,10.32259],"texture":"#1"},"up":{"uv":[3.09678,8.7742,1.54839,7.22581],"texture":"#1"},"down":{"uv":[3.09677,7.22581,1.54839,8.7742],"texture":"#1"}}},{"from":[8.8,7.5,3.05],"to":[11.8,10.5,6.05],"rotation":{"angle":0,"axis":"y","origin":[9,6.79453,7]},"faces":{"north":{"uv":[0,7.22581,1.54839,8.7742],"texture":"#1"},"east":{"uv":[1.54839,7.22581,3.09678,8.7742],"texture":"#1"},"south":{"uv":[5.16129,7.22581,6.70968,8.7742],"texture":"#1"},"west":{"uv":[3.09677,7.22581,4.64516,8.7742],"texture":"#1"},"up":{"uv":[1.54839,10.32258,0,8.7742],"texture":"#1"},"down":{"uv":[4.64516,9.29032,3.09678,10.83872],"texture":"#1"}}},{"from":[8.8,8,8.45],"to":[11.8,11,11.45],"rotation":{"angle":0,"axis":"y","origin":[8,5.79453,8]},"faces":{"north":{"uv":[3.09677,7.22581,4.64516,8.7742],"texture":"#1"},"east":{"uv":[0,7.22581,1.54839,8.7742],"texture":"#1"},"south":{"uv":[1.54839,7.22581,3.09678,8.7742],"texture":"#1"},"west":{"uv":[5.16129,7.22581,6.70968,8.7742],"texture":"#1"},"up":{"uv":[1.54839,8.7742,0,7.22581],"texture":"#1"},"down":{"uv":[4.64516,7.22581,3.09678,8.7742],"texture":"#1"}}},{"from":[8.4,3,3.95],"to":[11.4,6,6.95],"rotation":{"angle":0,"axis":"y","origin":[8,5.79453,8]},"faces":{"north":{"uv":[0,8.7742,1.54839,10.32259],"texture":"#1"},"east":{"uv":[1.54839,8.7742,3.09678,10.32259],"texture":"#1"},"south":{"uv":[5.16129,7.22581,6.70968,8.7742],"texture":"#1"},"west":{"uv":[3.09677,9.29032,4.64516,10.83872],"texture":"#1"},"up":{"uv":[4.64516,10.83871,3.09677,9.29032],"texture":"#1"},"down":{"uv":[1.54839,8.7742,0,10.32259],"texture":"#1"}}},{"from":[8.7,2.5,8.15],"to":[11.7,5.5,11.15],"rotation":{"angle":0,"axis":"y","origin":[8.5,5.29453,8.5]},"faces":{"north":{"uv":[0,8.7742,1.54839,10.32259],"texture":"#1"},"east":{"uv":[0,8.7742,1.54839,10.32259],"texture":"#1"},"south":{"uv":[1.54839,8.7742,3.09678,10.32259],"texture":"#1"},"west":{"uv":[5.16129,7.22581,6.70968,8.7742],"texture":"#1"},"up":{"uv":[4.64516,8.7742,3.09677,7.22581],"texture":"#1"},"down":{"uv":[1.54839,7.22581,0,8.7742],"texture":"#1"}}},{"from":[5.2,10.5,12.45],"to":[6.6,11.9,13.85],"rotation":{"angle":0,"axis":"y","origin":[7.6,6.19453,8.4]},"faces":{"north":{"uv":[5.16129,7.22581,5.66129,7.72581],"texture":"#1"},"east":{"uv":[3.09677,7.22581,3.59677,7.72581],"texture":"#1"},"south":{"uv":[0,7.22581,0.5,7.72581],"texture":"#1"},"west":{"uv":[1.54839,7.22581,2.04839,7.72581],"texture":"#1"},"up":{"uv":[2.04839,7.72581,1.54839,7.22581],"texture":"#1"},"down":{"uv":[5.66129,7.22581,5.16129,7.72581],"texture":"#1"}}},{"from":[8.6,-0.5,1.95703],"to":[10,0.9,3.35703],"rotation":{"angle":0,"axis":"y","origin":[8,5.19453,7.4]},"faces":{"north":{"uv":[0.5,7.22581,0,7.72581],"texture":"#1"},"east":{"uv":[3.59677,7.22581,3.09677,7.72581],"texture":"#1"},"south":{"uv":[5.66129,7.22581,5.16129,7.72581],"texture":"#1"},"west":{"uv":[2.04839,7.22581,1.54839,7.72581],"texture":"#1"},"up":{"uv":[2.04839,7.22581,1.54839,7.72581],"texture":"#1"},"down":{"uv":[5.66129,7.72581,5.16129,7.22581],"texture":"#1"}}},{"from":[4.4,0.85,4.45],"to":[7.4,3.85,7.45],"rotation":{"angle":0,"axis":"y","origin":[8,5.04453,8]},"faces":{"north":{"uv":[1.54839,12.38711,3.09678,13.93549],"texture":"#1"},"east":{"uv":[5.16129,10.83872,6.70968,12.3871],"texture":"#1"},"south":{"uv":[3.09677,12.90323,4.64516,14.45162],"texture":"#1"},"west":{"uv":[0,12.3871,1.54839,13.93549],"texture":"#1"},"up":{"uv":[6.70968,14.45162,5.16129,12.90323],"texture":"#1"},"down":{"uv":[3.09677,12.38711,1.54839,13.93549],"texture":"#1"}}},{"from":[4.8,12.28906,12.45],"to":[6.6,10.48906,14.25],"rotation":{"angle":0,"axis":"y","origin":[7.4,6.39453,8.6]},"faces":{"north":{"uv":[6.70968,10.83871,7.22581,11.35484],"texture":"#1"},"east":{"uv":[6.70968,10.83871,7.22581,11.35484],"texture":"#1"},"south":{"uv":[6.70968,10.83871,7.22581,11.35484],"texture":"#1"},"west":{"uv":[6.70968,10.83871,7.22581,11.35484],"texture":"#1"},"up":{"uv":[6.70968,10.83871,7.22581,11.35484],"texture":"#1"},"down":{"uv":[6.70968,10.83871,7.22581,11.35484],"texture":"#1"}}},{"from":[8.4,1.08906,1.75],"to":[10.2,-0.71094,3.55],"rotation":{"angle":0,"axis":"y","origin":[8,5.19453,7.4]},"faces":{"north":{"uv":[6.70968,10.83871,7.22581,11.35484],"texture":"#1"},"east":{"uv":[6.70968,10.83871,7.22581,11.35484],"texture":"#1"},"south":{"uv":[6.70968,10.83871,7.22581,11.35484],"texture":"#1"},"west":{"uv":[6.70968,10.83871,7.22581,11.35484],"texture":"#1"},"up":{"uv":[6.70968,10.83871,7.22581,11.35484],"texture":"#1"},"down":{"uv":[6.70968,10.83871,7.22581,11.35484],"texture":"#1"}}},{"from":[4.2,6,4.45],"to":[7.2,9,7.45],"rotation":{"angle":0,"axis":"y","origin":[8,5.79453,8]},"faces":{"north":{"uv":[1.54839,10.83872,3.09678,12.38711],"texture":"#1"},"east":{"uv":[5.16129,10.83872,6.70968,12.3871],"texture":"#1"},"south":{"uv":[3.09677,10.83872,4.64516,12.38711],"texture":"#1"},"west":{"uv":[0,10.83872,1.54839,12.3871],"texture":"#1"},"up":{"uv":[3.09678,13.93549,1.54839,12.3871],"texture":"#1"},"down":{"uv":[6.70968,12.90323,5.16129,14.45162],"texture":"#1"}}},{"from":[7.4,5.8,4.25],"to":[4,9.2,7.65],"rotation":{"angle":0,"axis":"y","origin":[8,5.79453,8]},"faces":{"north":{"uv":[6.70968,10.83871,7.22581,11.35484],"texture":"#1"},"east":{"uv":[6.70968,10.83871,7.22581,11.35484],"texture":"#1"},"south":{"uv":[6.70968,10.83871,7.22581,11.35484],"texture":"#1"},"west":{"uv":[6.70968,10.83871,7.22581,11.35484],"texture":"#1"},"up":{"uv":[6.70968,10.83871,7.22581,11.35484],"texture":"#1"},"down":{"uv":[6.70968,10.83871,7.22581,11.35484],"texture":"#1"}}},{"from":[7.6,0.65,4.25],"to":[4.2,4.05,7.65],"rotation":{"angle":0,"axis":"y","origin":[8,5.04453,8]},"faces":{"north":{"uv":[6.70968,10.83871,7.22581,11.35484],"texture":"#1"},"east":{"uv":[6.70968,10.83871,7.22581,11.35484],"texture":"#1"},"south":{"uv":[6.70968,10.83871,7.22581,11.35484],"texture":"#1"},"west":{"uv":[6.70968,10.83871,7.22581,11.35484],"texture":"#1"},"up":{"uv":[6.70968,10.83871,7.22581,11.35484],"texture":"#1"},"down":{"uv":[6.70968,10.83871,7.22581,11.35484],"texture":"#1"}}},{"from":[11.6,2.8,3.75],"to":[8.2,6.2,7.15],"rotation":{"angle":0,"axis":"y","origin":[8,5.79453,8]},"faces":{"north":{"uv":[6.70968,10.83871,7.22581,11.35484],"texture":"#1"},"east":{"uv":[6.70968,10.83871,7.22581,11.35484],"texture":"#1"},"south":{"uv":[6.70968,10.83871,7.22581,11.35484],"texture":"#1"},"west":{"uv":[6.70968,10.83871,7.22581,11.35484],"texture":"#1"},"up":{"uv":[6.70968,10.83871,7.22581,11.35484],"texture":"#1"},"down":{"uv":[6.70968,10.83871,7.22581,11.35484],"texture":"#1"}}},{"from":[6.5,0.9,9.75],"to":[3.1,4.3,13.15],"rotation":{"angle":0,"axis":"y","origin":[6.5,4.29453,9.5]},"faces":{"north":{"uv":[6.70968,10.83871,7.22581,11.35484],"texture":"#1"},"east":{"uv":[6.70968,10.83871,7.22581,11.35484],"texture":"#1"},"south":{"uv":[6.70968,10.83871,7.22581,11.35484],"texture":"#1"},"west":{"uv":[6.70968,10.83871,7.22581,11.35484],"texture":"#1"},"up":{"uv":[6.70968,10.83871,7.22581,11.35484],"texture":"#1"},"down":{"uv":[6.70968,10.83871,7.22581,11.35484],"texture":"#1"}}},{"from":[12.15,2.05,8.2],"to":[8.75,5.45,11.6],"rotation":{"angle":0,"axis":"y","origin":[8.75,5.04453,8.75]},"faces":{"north":{"uv":[6.70968,10.83871,7.22581,11.35484],"texture":"#1"},"east":{"uv":[6.70968,10.83871,7.22581,11.35484],"texture":"#1"},"south":{"uv":[6.70968,10.83871,7.22581,11.35484],"texture":"#1"},"west":{"uv":[6.70968,10.83871,7.22581,11.35484],"texture":"#1"},"up":{"uv":[6.70968,10.83871,7.22581,11.35484],"texture":"#1"},"down":{"uv":[6.70968,10.83871,7.22581,11.35484],"texture":"#1"}}},{"from":[8,6.1,8.05],"to":[4.6,9.5,11.45],"rotation":{"angle":0,"axis":"y","origin":[8,5.79453,8]},"faces":{"north":{"uv":[6.70968,10.83871,7.22581,11.35484],"texture":"#1"},"east":{"uv":[6.70968,10.83871,7.22581,11.35484],"texture":"#1"},"south":{"uv":[6.70968,10.83871,7.22581,11.35484],"texture":"#1"},"west":{"uv":[6.70968,10.83871,7.22581,11.35484],"texture":"#1"},"up":{"uv":[6.70968,10.83871,7.22581,11.35484],"texture":"#1"},"down":{"uv":[6.70968,10.83871,7.22581,11.35484],"texture":"#1"}}},{"from":[12,7.8,8.25],"to":[8.6,11.2,11.65],"rotation":{"angle":0,"axis":"y","origin":[8,5.79453,8]},"faces":{"north":{"uv":[6.70968,10.83871,7.22581,11.35484],"texture":"#1"},"east":{"uv":[6.70968,10.83871,7.22581,11.35484],"texture":"#1"},"south":{"uv":[6.70968,10.83871,7.22581,11.35484],"texture":"#1"},"west":{"uv":[6.70968,10.83871,7.22581,11.35484],"texture":"#1"},"up":{"uv":[6.70968,10.83871,7.22581,11.35484],"texture":"#1"},"down":{"uv":[6.70968,10.83871,7.22581,11.35484],"texture":"#1"}}},{"from":[12.5,7.8,2.35],"to":[9.1,11.2,5.75],"rotation":{"angle":0,"axis":"y","origin":[9.5,7.29453,6.5]},"faces":{"north":{"uv":[6.70968,10.83871,7.22581,11.35484],"texture":"#1"},"east":{"uv":[6.70968,10.83871,7.22581,11.35484],"texture":"#1"},"south":{"uv":[6.70968,10.83871,7.22581,11.35484],"texture":"#1"},"west":{"uv":[6.70968,10.83871,7.22581,11.35484],"texture":"#1"},"up":{"uv":[6.70968,10.83871,7.22581,11.35484],"texture":"#1"},"down":{"uv":[6.70968,10.83871,7.22581,11.35484],"texture":"#1"}}},{"from":[4.8,6.3,8.25],"to":[7.8,9.3,11.25],"rotation":{"angle":0,"axis":"y","origin":[8,5.79453,8]},"faces":{"north":{"uv":[5.16129,10.83872,6.70968,12.38711],"texture":"#1"},"east":{"uv":[3.09677,10.83872,4.64516,12.3871],"texture":"#1"},"south":{"uv":[0,10.83872,1.54839,12.38711],"texture":"#1"},"west":{"uv":[1.54839,10.83872,3.09678,12.3871],"texture":"#1"},"up":{"uv":[3.09678,12.3871,1.54839,10.83871],"texture":"#1"},"down":{"uv":[6.70968,10.83872,5.16129,12.38711],"texture":"#1"}}},{"from":[3.3,1.1,9.95],"to":[6.3,4.1,12.95],"rotation":{"angle":0,"axis":"y","origin":[6.5,4.29453,9.5]},"faces":{"north":{"uv":[5.16129,10.83872,6.70968,12.38711],"texture":"#1"},"east":{"uv":[3.09677,12.90323,4.64516,14.45162],"texture":"#1"},"south":{"uv":[0,12.38711,1.54839,13.93549],"texture":"#1"},"west":{"uv":[1.54839,12.3871,3.09678,13.93549],"texture":"#1"},"up":{"uv":[3.09678,12.3871,1.54839,10.83871],"texture":"#1"},"down":{"uv":[3.09677,10.83872,1.54839,12.38711],"texture":"#1"}}},{"from":[9.3,8,2.55],"to":[12.3,11,5.55],"rotation":{"angle":0,"axis":"y","origin":[9.5,7.29453,6.5]},"faces":{"north":{"uv":[0,10.83872,1.54839,12.38711],"texture":"#1"},"east":{"uv":[1.54839,10.83872,3.09678,12.3871],"texture":"#1"},"south":{"uv":[5.16129,10.83872,6.70968,12.38711],"texture":"#1"},"west":{"uv":[3.09677,10.83872,4.64516,12.3871],"texture":"#1"},"up":{"uv":[1.54839,13.93549,0,12.3871],"texture":"#1"},"down":{"uv":[4.64516,12.90323,3.09678,14.45162],"texture":"#1"}}},{"from":[8.8,8,8.45],"to":[11.8,11,11.45],"rotation":{"angle":0,"axis":"y","origin":[8,5.79453,8]},"faces":{"north":{"uv":[3.09677,10.83872,4.64516,12.38711],"texture":"#1"},"east":{"uv":[0,10.83872,1.54839,12.3871],"texture":"#1"},"south":{"uv":[1.54839,10.83872,3.09678,12.38711],"texture":"#1"},"west":{"uv":[5.16129,10.83872,6.70968,12.3871],"texture":"#1"},"up":{"uv":[1.54839,12.3871,0,10.83871],"texture":"#1"},"down":{"uv":[4.64516,10.83872,3.09678,12.38711],"texture":"#1"}}},{"from":[8.4,3,3.95],"to":[11.4,6,6.95],"rotation":{"angle":0,"axis":"y","origin":[8,5.79453,8]},"faces":{"north":{"uv":[0,12.38711,1.54839,13.93549],"texture":"#1"},"east":{"uv":[1.54839,12.3871,3.09678,13.93549],"texture":"#1"},"south":{"uv":[5.16129,10.83872,6.70968,12.38711],"texture":"#1"},"west":{"uv":[3.09677,12.90323,4.64516,14.45162],"texture":"#1"},"up":{"uv":[4.64516,14.45162,3.09677,12.90323],"texture":"#1"},"down":{"uv":[1.54839,12.38711,0,13.93549],"texture":"#1"}}},{"from":[8.95,2.25,8.4],"to":[11.95,5.25,11.4],"rotation":{"angle":0,"axis":"y","origin":[8.75,5.04453,8.75]},"faces":{"north":{"uv":[0,12.38711,1.54839,13.93549],"texture":"#1"},"east":{"uv":[0,12.3871,1.54839,13.93549],"texture":"#1"},"south":{"uv":[1.54839,12.38711,3.09678,13.93549],"texture":"#1"},"west":{"uv":[5.16129,10.83872,6.70968,12.3871],"texture":"#1"},"up":{"uv":[4.64516,12.3871,3.09677,10.83871],"texture":"#1"},"down":{"uv":[1.54839,10.83872,0,12.38711],"texture":"#1"}}},{"from":[5,10.7,12.65],"to":[6.4,12.1,14.05],"rotation":{"angle":0,"axis":"y","origin":[7.4,6.39453,8.6]},"faces":{"north":{"uv":[5.16129,10.83872,5.66129,11.33872],"texture":"#1"},"east":{"uv":[3.09677,10.83872,3.59677,11.33872],"texture":"#1"},"south":{"uv":[0,10.83872,0.5,11.33872],"texture":"#1"},"west":{"uv":[1.54839,10.83872,2.04839,11.33872],"texture":"#1"},"up":{"uv":[2.04839,11.33871,1.54839,10.83871],"texture":"#1"},"down":{"uv":[5.66129,10.83872,5.16129,11.33872],"texture":"#1"}}},{"from":[8.6,-0.5,1.95703],"to":[10,0.9,3.35703],"rotation":{"angle":0,"axis":"y","origin":[8,5.19453,7.4]},"faces":{"north":{"uv":[0.5,10.83872,0,11.33872],"texture":"#1"},"east":{"uv":[3.59677,10.83872,3.09677,11.33872],"texture":"#1"},"south":{"uv":[5.66129,10.83872,5.16129,11.33872],"texture":"#1"},"west":{"uv":[2.04839,10.83872,1.54839,11.33872],"texture":"#1"},"up":{"uv":[2.04839,10.83871,1.54839,11.33871],"texture":"#1"},"down":{"uv":[5.66129,11.33872,5.16129,10.83872],"texture":"#1"}}}]}