{"display":{"thirdperson_righthand":{"rotation":[37,34,46],"translation":[-2.5,1.75,0],"scale":[0.75,0.75,0.75]},"thirdperson_lefthand":{"rotation":[37,34,46],"translation":[-2.5,1.75,0],"scale":[0.75,0.75,0.75]},"firstperson_righthand":{"rotation":[0,29,0],"translation":[1.5,4.5,0],"scale":[0.5,0.5,0.5]},"firstperson_lefthand":{"rotation":[0,-50,0],"translation":[1.5,4.5,0],"scale":[0.5,0.5,0.5]},"gui":{"rotation":[30,-135,0],"translation":[0.5,1.75,0]},"fixed":{"rotation":[0,89,0],"translation":[0,1.5,-3]}},"texture_size":[32,32],"textures":{"1":"kurapovfun:item/sphere/light","particle":"kurapovfun:item/sphere/light"},"elements":[{"from":[5,3,5],"to":[11,9,11],"rotation":{"angle":0,"axis":"y","origin":[0,-2,0]},"faces":{"north":{"uv":[0,0,3,3],"texture":"#1"},"east":{"uv":[0,3.5,3,6.5],"texture":"#1"},"south":{"uv":[3.5,0,6.5,3],"texture":"#1"},"west":{"uv":[3.5,3.5,6.5,6.5],"texture":"#1"},"up":{"uv":[3,10,0,7],"texture":"#1"},"down":{"uv":[10,0,7,3],"texture":"#1"}}},{"from":[11.5,2.5,4.5],"to":[4.5,9.5,11.5],"rotation":{"angle":0,"axis":"y","origin":[7.5,-2.5,0.5]},"faces":{"north":{"uv":[7,6.5,10,9.5],"texture":"#1"},"east":{"uv":[7,6.5,10,9.5],"texture":"#1"},"south":{"uv":[7,6.5,10,9.5],"texture":"#1"},"west":{"uv":[7,6.5,10,9.5],"texture":"#1"},"up":{"uv":[10,9.5,7,6.5],"texture":"#1"},"down":{"uv":[10,6.5,7,9.5],"texture":"#1"}}},{"from":[12,2,4],"to":[4,10,12],"rotation":{"angle":0,"axis":"y","origin":[7,-3,0]},"faces":{"north":{"uv":[7,9.5,10,12.5],"texture":"#1"},"east":{"uv":[7,9.5,10,12.5],"texture":"#1"},"south":{"uv":[7,9.5,10,12.5],"texture":"#1"},"west":{"uv":[7,9.5,10,12.5],"texture":"#1"},"up":{"uv":[10,12.5,7,9.5],"texture":"#1"},"down":{"uv":[10,9.5,7,12.5],"texture":"#1"}}},{"from":[11.3,2.7,4.7],"to":[4.7,9.3,11.3],"rotation":{"angle":0,"axis":"y","origin":[7.7,-2.3,0.7]},"faces":{"north":{"uv":[7,9.5,10,12.5],"texture":"#1"},"east":{"uv":[7,9.5,10,12.5],"texture":"#1"},"south":{"uv":[7,9.5,10,12.5],"texture":"#1"},"west":{"uv":[7,9.5,10,12.5],"texture":"#1"},"up":{"uv":[10,12.5,7,9.5],"texture":"#1"},"down":{"uv":[10,9.5,7,12.5],"texture":"#1"}}},{"from":[11.05,2.9,4.9],"to":[4.85,9.1,11.1],"rotation":{"angle":0,"axis":"y","origin":[7.85,-2.1,0.9]},"faces":{"north":{"uv":[4,4,6,6],"texture":"#1"},"east":{"uv":[4,4,6,6],"texture":"#1"},"south":{"uv":[4,4,6,6],"texture":"#1"},"west":{"uv":[4,4,6,6],"texture":"#1"},"up":{"uv":[6,6,4,4],"texture":"#1"},"down":{"uv":[6,4,4,6],"texture":"#1"}}},{"from":[11.72,10.36,3.12],"to":[10.28,11.8,4.56],"rotation":{"angle":0,"axis":"y","origin":[10.9955,11.08,3.84]},"faces":{"north":{"uv":[7,9.5,10,12.5],"texture":"#1"},"east":{"uv":[7,9.5,10,12.5],"texture":"#1"},"south":{"uv":[7,9.5,10,12.5],"texture":"#1"},"west":{"uv":[7,9.5,10,12.5],"texture":"#1"},"up":{"uv":[10,12.5,7,9.5],"texture":"#1"},"down":{"uv":[10,9.5,7,12.5],"texture":"#1"}}},{"from":[11.594,10.486,3.246],"to":[10.406,11.674,4.434],"rotation":{"angle":0,"axis":"y","origin":[10.9955,11.08,3.84]},"faces":{"north":{"uv":[7,9.5,10,12.5],"texture":"#1"},"east":{"uv":[7,9.5,10,12.5],"texture":"#1"},"south":{"uv":[7,9.5,10,12.5],"texture":"#1"},"west":{"uv":[7,9.5,10,12.5],"texture":"#1"},"up":{"uv":[10,12.5,7,9.5],"texture":"#1"},"down":{"uv":[10,9.5,7,12.5],"texture":"#1"}}},{"from":[11.63,10.45,3.21],"to":[10.37,11.71,4.47],"rotation":{"angle":0,"axis":"y","origin":[10.9955,11.08,3.84]},"faces":{"north":{"uv":[7,6.5,10,9.5],"texture":"#1"},"east":{"uv":[7,6.5,10,9.5],"texture":"#1"},"south":{"uv":[7,6.5,10,9.5],"texture":"#1"},"west":{"uv":[7,6.5,10,9.5],"texture":"#1"},"up":{"uv":[10,9.5,7,6.5],"texture":"#1"},"down":{"uv":[10,6.5,7,9.5],"texture":"#1"}}},{"from":[11.549,10.522,3.282],"to":[10.433,11.638,4.398],"rotation":{"angle":0,"axis":"y","origin":[10.9955,11.08,3.84]},"faces":{"north":{"uv":[4,4,6,6],"texture":"#1"},"east":{"uv":[4,4,6,6],"texture":"#1"},"south":{"uv":[4,4,6,6],"texture":"#1"},"west":{"uv":[4,4,6,6],"texture":"#1"},"up":{"uv":[6,6,4,4],"texture":"#1"},"down":{"uv":[6,4,4,6],"texture":"#1"}}},{"from":[13.549,1.522,12.282],"to":[12.433,2.638,13.398],"rotation":{"angle":0,"axis":"y","origin":[12.9955,2.08,12.84]},"faces":{"north":{"uv":[4,4,6,6],"texture":"#1"},"east":{"uv":[4,4,6,6],"texture":"#1"},"south":{"uv":[4,4,6,6],"texture":"#1"},"west":{"uv":[4,4,6,6],"texture":"#1"},"up":{"uv":[6,6,4,4],"texture":"#1"},"down":{"uv":[6,4,4,6],"texture":"#1"}}},{"from":[13.63,1.45,12.21],"to":[12.37,2.71,13.47],"rotation":{"angle":0,"axis":"y","origin":[12.9955,2.08,12.84]},"faces":{"north":{"uv":[7,6.5,10,9.5],"texture":"#1"},"east":{"uv":[7,6.5,10,9.5],"texture":"#1"},"south":{"uv":[7,6.5,10,9.5],"texture":"#1"},"west":{"uv":[7,6.5,10,9.5],"texture":"#1"},"up":{"uv":[10,9.5,7,6.5],"texture":"#1"},"down":{"uv":[10,6.5,7,9.5],"texture":"#1"}}},{"from":[13.594,1.486,12.246],"to":[12.406,2.674,13.434],"rotation":{"angle":0,"axis":"y","origin":[12.9955,2.08,12.84]},"faces":{"north":{"uv":[7,9.5,10,12.5],"texture":"#1"},"east":{"uv":[7,9.5,10,12.5],"texture":"#1"},"south":{"uv":[7,9.5,10,12.5],"texture":"#1"},"west":{"uv":[7,9.5,10,12.5],"texture":"#1"},"up":{"uv":[10,12.5,7,9.5],"texture":"#1"},"down":{"uv":[10,9.5,7,12.5],"texture":"#1"}}},{"from":[13.72,1.36,12.12],"to":[12.28,2.8,13.56],"rotation":{"angle":0,"axis":"y","origin":[12.9955,2.08,12.84]},"faces":{"north":{"uv":[7,9.5,10,12.5],"texture":"#1"},"east":{"uv":[7,9.5,10,12.5],"texture":"#1"},"south":{"uv":[7,9.5,10,12.5],"texture":"#1"},"west":{"uv":[7,9.5,10,12.5],"texture":"#1"},"up":{"uv":[10,12.5,7,9.5],"texture":"#1"},"down":{"uv":[10,9.5,7,12.5],"texture":"#1"}}},{"from":[3.97,0.36,3.12],"to":[2.53,1.8,4.56],"rotation":{"angle":0,"axis":"y","origin":[3.2455,1.08,3.84]},"faces":{"north":{"uv":[7,9.5,10,12.5],"texture":"#1"},"east":{"uv":[7,9.5,10,12.5],"texture":"#1"},"south":{"uv":[7,9.5,10,12.5],"texture":"#1"},"west":{"uv":[7,9.5,10,12.5],"texture":"#1"},"up":{"uv":[10,12.5,7,9.5],"texture":"#1"},"down":{"uv":[10,9.5,7,12.5],"texture":"#1"}}},{"from":[3.844,0.486,3.246],"to":[2.656,1.674,4.434],"rotation":{"angle":0,"axis":"y","origin":[3.2455,1.08,3.84]},"faces":{"north":{"uv":[7,9.5,10,12.5],"texture":"#1"},"east":{"uv":[7,9.5,10,12.5],"texture":"#1"},"south":{"uv":[7,9.5,10,12.5],"texture":"#1"},"west":{"uv":[7,9.5,10,12.5],"texture":"#1"},"up":{"uv":[10,12.5,7,9.5],"texture":"#1"},"down":{"uv":[10,9.5,7,12.5],"texture":"#1"}}},{"from":[3.88,0.45,3.21],"to":[2.62,1.71,4.47],"rotation":{"angle":0,"axis":"y","origin":[3.2455,1.08,3.84]},"faces":{"north":{"uv":[7,6.5,10,9.5],"texture":"#1"},"east":{"uv":[7,6.5,10,9.5],"texture":"#1"},"south":{"uv":[7,6.5,10,9.5],"texture":"#1"},"west":{"uv":[7,6.5,10,9.5],"texture":"#1"},"up":{"uv":[10,9.5,7,6.5],"texture":"#1"},"down":{"uv":[10,6.5,7,9.5],"texture":"#1"}}},{"from":[3.799,0.522,3.282],"to":[2.683,1.638,4.398],"rotation":{"angle":0,"axis":"y","origin":[3.2455,1.08,3.84]},"faces":{"north":{"uv":[4,4,6,6],"texture":"#1"},"east":{"uv":[4,4,6,6],"texture":"#1"},"south":{"uv":[4,4,6,6],"texture":"#1"},"west":{"uv":[4,4,6,6],"texture":"#1"},"up":{"uv":[6,6,4,4],"texture":"#1"},"down":{"uv":[6,4,4,6],"texture":"#1"}}}]}