{"parent":"minecraft:item/generated","textures":{"layer0":"minecraft:item/structure_void"},"overrides":[{"predicate":{},"model":"kurapovfun:item/empty"},{"predicate":{"custom_model_data":10001},"model":"kurapovfun:item/info"},{"predicate":{"custom_model_data":10002},"model":"kurapovfun:item/left"},{"predicate":{"custom_model_data":10003},"model":"kurapovfun:item/right"},{"predicate":{"custom_model_data":10004},"model":"kurapovfun:item/home"},{"predicate":{"custom_model_data":10005},"model":"kurapovfun:item/refresh"},{"predicate":{"custom_model_data":10006},"model":"kurapovfun:item/sort"},{"predicate":{"custom_model_data":10007},"model":"kurapovfun:item/cat"},{"predicate":{"custom_model_data":10100},"model":"kurapovfun:item/allgrief"},{"predicate":{"custom_model_data":10101},"model":"kurapovfun:item/pve"},{"predicate":{"custom_model_data":10102},"model":"kurapovfun:item/season"},{"predicate":{"custom_model_data":10103},"model":"kurapovfun:item/spawner"},{"predicate":{"custom_model_data":10104},"model":"kurapovfun:item/sphere"},{"predicate":{"custom_model_data":10105},"model":"kurapovfun:item/kit"},{"predicate":{"custom_model_data":10106},"model":"kurapovfun:item/booster"},{"predicate":{"custom_model_data":10107},"model":"kurapovfun:item/mage"},{"predicate":{"custom_model_data":10108},"model":"kurapovfun:item/trident"},{"predicate":{"custom_model_data":10109},"model":"kurapovfun:item/aura"},{"predicate":{"custom_model_data":10110},"model":"kurapovfun:item/potion"},{"predicate":{"custom_model_data":10111},"model":"kurapovfun:item/ec"}]}