{"display":{"thirdperson_righthand":{"rotation":[37,34,46],"translation":[-2.5,1.75,0],"scale":[0.75,0.75,0.75]},"thirdperson_lefthand":{"rotation":[37,34,46],"translation":[-2.5,1.75,0],"scale":[0.75,0.75,0.75]},"firstperson_righthand":{"rotation":[0,29,0],"translation":[1.5,4.5,0],"scale":[0.5,0.5,0.5]},"firstperson_lefthand":{"rotation":[0,-50,0],"translation":[1.5,4.5,0],"scale":[0.5,0.5,0.5]},"gui":{"rotation":[30,-135,0],"translation":[0.5,1.75,0]},"fixed":{"rotation":[0,89,0],"translation":[0,1.5,-3]}},"texture_size":[32,32],"textures":{"1":"gulpvp:item/sphere/dirt"},"elements":[{"from":[5,3,5],"to":[11,9,11],"rotation":{"angle":0,"axis":"y","origin":[0,-2,0]},"faces":{"north":{"uv":[0,0,3,3],"texture":"#1"},"east":{"uv":[0,3,3,6],"texture":"#1"},"south":{"uv":[3,0.5,6,3.5],"texture":"#1"},"west":{"uv":[3,3.5,6,6.5],"texture":"#1"},"up":{"uv":[3,9,0,6],"texture":"#1"},"down":{"uv":[9,1,6,4],"texture":"#1"}}},{"from":[7,5.5,4.9],"to":[12,10.5,10],"rotation":{"angle":0,"axis":"y","origin":[1,-0.5,-1]},"faces":{"north":{"uv":[3,6.5,5.5,9],"texture":"#1"},"east":{"uv":[6,4,8.5,6.5],"texture":"#1"},"south":{"uv":[5.5,6.5,8,9],"texture":"#1"},"west":{"uv":[7.5,9,10,11.5],"texture":"#1"},"up":{"uv":[7.5,11.5,5,9],"texture":"#1"},"down":{"uv":[5,9,2.5,11.5],"texture":"#1"}}},{"from":[4,2,6.5],"to":[9,7,11.6],"rotation":{"angle":0,"axis":"y","origin":[-2,-4,0.6]},"faces":{"north":{"uv":[8,6.5,10.5,9],"texture":"#1"},"east":{"uv":[2.5,11.5,5,14],"texture":"#1"},"south":{"uv":[0,9,2.5,11.5],"texture":"#1"},"west":{"uv":[8.5,4,11,6.5],"texture":"#1"},"up":{"uv":[2.5,14,0,11.5],"texture":"#1"},"down":{"uv":[7.5,11.5,5,14],"texture":"#1"}}},{"from":[7.5,1,8],"to":[8.5,2,8],"rotation":{"angle":0,"axis":"y","origin":[-0.5,1,0]},"faces":{"north":{"uv":[14,0,14.5,0.5],"texture":"#1"},"east":{"uv":[14,0,14,0.5],"texture":"#1"},"south":{"uv":[14,0,14.5,0.5],"texture":"#1"},"west":{"uv":[14,0,14,0.5],"texture":"#1"},"up":{"uv":[14,0,14.5,0],"texture":"#1"},"down":{"uv":[14,0,14.5,0],"texture":"#1"}}},{"from":[7.5,0.5,8],"to":[8.5,1.5,8],"rotation":{"angle":0,"axis":"y","origin":[-0.5,0.5,0]},"faces":{"north":{"uv":[14,0.5,14.5,1],"texture":"#1"},"east":{"uv":[14,0.5,14,1],"texture":"#1"},"south":{"uv":[14,0.5,14.5,1],"texture":"#1"},"west":{"uv":[14,0.5,14,1],"texture":"#1"},"up":{"uv":[14,0.5,14.5,0.5],"texture":"#1"},"down":{"uv":[14,0.5,14.5,0.5],"texture":"#1"}}},{"from":[7.5,0,8],"to":[8.5,1,8],"rotation":{"angle":0,"axis":"y","origin":[-0.5,0,0]},"faces":{"north":{"uv":[14,1,14.5,1.5],"texture":"#1"},"east":{"uv":[14,1,14,1.5],"texture":"#1"},"south":{"uv":[14,1,14.5,1.5],"texture":"#1"},"west":{"uv":[14,1,14,1.5],"texture":"#1"},"up":{"uv":[14,1,14.5,1],"texture":"#1"},"down":{"uv":[14,1,14.5,1],"texture":"#1"}}},{"from":[7.5,-0.5,8],"to":[8.5,0.5,8],"rotation":{"angle":0,"axis":"y","origin":[-0.5,-0.5,0]},"faces":{"north":{"uv":[14,1.5,14.5,2],"texture":"#1"},"east":{"uv":[14,1.5,14,2],"texture":"#1"},"south":{"uv":[14,1.5,14.5,2],"texture":"#1"},"west":{"uv":[14,1.5,14,2],"texture":"#1"},"up":{"uv":[14,1.5,14.5,1.5],"texture":"#1"},"down":{"uv":[14,1.5,14.5,1.5],"texture":"#1"}}},{"from":[7.5,-1,8],"to":[8.5,0,8],"rotation":{"angle":0,"axis":"y","origin":[-0.5,-1,0]},"faces":{"north":{"uv":[14,2,14.5,2.5],"texture":"#1"},"east":{"uv":[14,2.5,14,3],"texture":"#1"},"south":{"uv":[14,2,14.5,2.5],"texture":"#1"},"west":{"uv":[14,2.5,14,3],"texture":"#1"},"up":{"uv":[14,2,14.5,2],"texture":"#1"},"down":{"uv":[14,2,14.5,2],"texture":"#1"}}},{"from":[4.5,-1,8],"to":[5.5,0,8],"rotation":{"angle":0,"axis":"y","origin":[-3.5,-1,0]},"faces":{"north":{"uv":[13,2,13.5,2.5],"texture":"#1"},"east":{"uv":[14,2,14,2.5],"texture":"#1"},"south":{"uv":[13,2,13.5,2.5],"texture":"#1"},"west":{"uv":[14,2,14,2.5],"texture":"#1"},"up":{"uv":[13,2,13.5,2],"texture":"#1"},"down":{"uv":[13,2,13.5,2],"texture":"#1"}}},{"from":[4.5,-0.5,8],"to":[5.5,0.5,8],"rotation":{"angle":0,"axis":"y","origin":[-3.5,-0.5,0]},"faces":{"north":{"uv":[13,1.5,13.5,2],"texture":"#1"},"east":{"uv":[14,1.5,14,2],"texture":"#1"},"south":{"uv":[13,1.5,13.5,2],"texture":"#1"},"west":{"uv":[14,1.5,14,2],"texture":"#1"},"up":{"uv":[13,1.5,13.5,1.5],"texture":"#1"},"down":{"uv":[13,1.5,13.5,1.5],"texture":"#1"}}},{"from":[4.5,0,8],"to":[5.5,1,8],"rotation":{"angle":0,"axis":"y","origin":[-3.5,0,0]},"faces":{"north":{"uv":[13,1,13.5,1.5],"texture":"#1"},"east":{"uv":[14,1,14,1.5],"texture":"#1"},"south":{"uv":[13,1,13.5,1.5],"texture":"#1"},"west":{"uv":[14,1,14,1.5],"texture":"#1"},"up":{"uv":[13,1,13.5,1],"texture":"#1"},"down":{"uv":[13,1,13.5,1],"texture":"#1"}}},{"from":[4.5,0.5,8],"to":[5.5,1.5,8],"rotation":{"angle":0,"axis":"y","origin":[-3.5,0.5,0]},"faces":{"north":{"uv":[13,0.5,13.5,1],"texture":"#1"},"east":{"uv":[14,0.5,14,1],"texture":"#1"},"south":{"uv":[13,0.5,13.5,1],"texture":"#1"},"west":{"uv":[14,0.5,14,1],"texture":"#1"},"up":{"uv":[13,0.5,13.5,0.5],"texture":"#1"},"down":{"uv":[13,0.5,13.5,0.5],"texture":"#1"}}},{"from":[4.5,1,8],"to":[5.5,2,8],"rotation":{"angle":0,"axis":"y","origin":[-3.5,1,0]},"faces":{"north":{"uv":[13,0,13.5,0.5],"texture":"#1"},"east":{"uv":[14,0,14,0.5],"texture":"#1"},"south":{"uv":[13,0,13.5,0.5],"texture":"#1"},"west":{"uv":[14,0,14,0.5],"texture":"#1"},"up":{"uv":[14,0,14.5,0],"texture":"#1"},"down":{"uv":[14,0,14.5,0],"texture":"#1"}}},{"from":[4.5,-1.5,8],"to":[5.5,-0.5,8],"rotation":{"angle":0,"axis":"y","origin":[-3.5,-1.5,0]},"faces":{"north":{"uv":[13,2.5,13.5,3],"texture":"#1"},"east":{"uv":[14,2.5,14,3],"texture":"#1"},"south":{"uv":[13,2.5,13.5,3],"texture":"#1"},"west":{"uv":[14,2.5,14,3],"texture":"#1"},"up":{"uv":[13,2.5,13.5,2.5],"texture":"#1"},"down":{"uv":[13,2.5,13.5,2.5],"texture":"#1"}}}]}