{"display":{"thirdperson_righthand":{"rotation":[37,34,46],"translation":[-2.5,1.75,0],"scale":[0.75,0.75,0.75]},"thirdperson_lefthand":{"rotation":[37,34,46],"translation":[-2.5,1.75,0],"scale":[0.75,0.75,0.75]},"firstperson_righthand":{"rotation":[0,29,0],"translation":[1.5,4.5,0],"scale":[0.5,0.5,0.5]},"firstperson_lefthand":{"rotation":[0,-50,0],"translation":[1.5,4.5,0],"scale":[0.5,0.5,0.5]},"gui":{"rotation":[30,-135,0],"translation":[0.5,1.75,0]},"fixed":{"rotation":[0,89,0],"translation":[0,1.5,-3]}},"texture_size":[32,32],"textures":{"0":"gulpvp:item/sphere/water","particle":"gulpvp:item/sphere/water"},"elements":[{"from":[5,3,5],"to":[11,9,11],"rotation":{"angle":0,"axis":"y","origin":[0,-2,0]},"faces":{"north":{"uv":[0,0.51613,3.09678,3.61291],"texture":"#0"},"east":{"uv":[0,5.16129,3.09678,8.25807],"texture":"#0"},"south":{"uv":[4.64516,0.51613,7.74194,3.61291],"texture":"#0"},"west":{"uv":[4.64516,5.16129,7.74194,8.25807],"texture":"#0"},"up":{"uv":[3.09678,12.90323,0,9.80645],"texture":"#0"},"down":{"uv":[12.3871,0.51613,9.29032,3.61291],"texture":"#0"}}},{"from":[8.75,7,8.75],"to":[11.75,10,11.75],"rotation":{"angle":0,"axis":"y","origin":[1.75,0,-4.25]},"faces":{"north":{"uv":[14.5,14.5,16,16],"texture":"#0"},"east":{"uv":[14.5,14.5,16,16],"texture":"#0"},"south":{"uv":[14.5,14.5,16,16],"texture":"#0"},"west":{"uv":[14.5,14.5,16,16],"texture":"#0"},"up":{"uv":[14.5,14.5,16,14.96774],"texture":"#0"},"down":{"uv":[14.5,15.53226,16,16],"texture":"#0"}}},{"from":[4.5,8.2,4.5],"to":[6.5,10.2,6.5],"rotation":{"angle":0,"axis":"y","origin":[-2.5,0.2,-8.5]},"faces":{"north":{"uv":[11.35484,14.96774,12.35484,15.96774],"texture":"#0"},"east":{"uv":[11.35484,14.96774,12.35484,15.96774],"texture":"#0"},"south":{"uv":[11.35484,14.96774,12.35484,15.96774],"texture":"#0"},"west":{"uv":[11.35484,14.96774,12.35484,15.96774],"texture":"#0"},"up":{"uv":[11.35484,14.96774,12.35484,15.45162],"texture":"#0"},"down":{"uv":[11.35484,15.48387,12.35484,15.96774],"texture":"#0"}}},{"from":[8.75,7,8.75],"to":[11.75,10,11.75],"rotation":{"angle":0,"axis":"y","origin":[1.75,0,-4.25]},"faces":{"north":{"uv":[14.5,14.5,16,16],"texture":"#0"},"east":{"uv":[14.5,14.5,16,16],"texture":"#0"},"south":{"uv":[14.5,14.5,16,16],"texture":"#0"},"west":{"uv":[14.5,14.5,16,16],"texture":"#0"},"up":{"uv":[14.5,14.5,16,14.96774],"texture":"#0"},"down":{"uv":[14.5,15.53226,16,16],"texture":"#0"}}},{"from":[9.25,8,9.25],"to":[12,10.75,12],"rotation":{"angle":0,"axis":"y","origin":[2.25,1,-3.75]},"faces":{"north":{"uv":[14.5,12.95162,16,14.45162],"texture":"#0"},"east":{"uv":[14.5,12.95162,16,14.45162],"texture":"#0"},"south":{"uv":[14.5,12.95162,16,14.45162],"texture":"#0"},"west":{"uv":[14.5,12.95162,16,14.45162],"texture":"#0"},"up":{"uv":[14.5,12.95162,16,13.41936],"texture":"#0"},"down":{"uv":[14.5,13.98387,16,14.45162],"texture":"#0"}}},{"from":[9.75,9,9.75],"to":[12.25,11.5,12.25],"rotation":{"angle":0,"axis":"y","origin":[2.75,2,-3.25]},"faces":{"north":{"uv":[14.5,11.40323,16,12.90323],"texture":"#0"},"east":{"uv":[14.5,11.40323,16,12.90323],"texture":"#0"},"south":{"uv":[14.5,11.40323,16,12.90323],"texture":"#0"},"west":{"uv":[14.5,11.40323,16,12.90323],"texture":"#0"},"up":{"uv":[14.5,11.40323,16,11.87097],"texture":"#0"},"down":{"uv":[14.5,12.43549,16,12.90323],"texture":"#0"}}},{"from":[10.05,10,10.2],"to":[12.3,12.25,12.45],"rotation":{"angle":0,"axis":"y","origin":[3.05,3,-2.8]},"faces":{"north":{"uv":[14.5,9.85484,16,11.35484],"texture":"#0"},"east":{"uv":[14.5,9.85484,16,11.35484],"texture":"#0"},"south":{"uv":[14.5,9.85484,16,11.35484],"texture":"#0"},"west":{"uv":[14.5,9.85484,16,11.35484],"texture":"#0"},"up":{"uv":[14.5,9.85484,16,10.32258],"texture":"#0"},"down":{"uv":[14.5,10.8871,16,11.35484],"texture":"#0"}}},{"from":[10.15,11.35,10.6],"to":[12.15,13.35,12.6],"rotation":{"angle":0,"axis":"y","origin":[3.15,4.35,-2.4]},"faces":{"north":{"uv":[14.5,8.30645,16,9.80645],"texture":"#0"},"east":{"uv":[14.5,8.30645,16,9.80645],"texture":"#0"},"south":{"uv":[14.5,8.30645,16,9.80645],"texture":"#0"},"west":{"uv":[14.5,8.30645,16,9.80645],"texture":"#0"},"up":{"uv":[14.5,8.30645,16,8.7742],"texture":"#0"},"down":{"uv":[14.5,9.33871,16,9.80645],"texture":"#0"}}},{"from":[9.65,12.35,11.6],"to":[12.65,15.35,11.6],"rotation":{"angle":0,"axis":"y","origin":[2.65,5.35,-2.4]},"faces":{"north":{"uv":[14.5,6.75807,16,8.25807],"texture":"#0"},"east":{"uv":[14.5,6.75807,16,8.25807],"texture":"#0"},"south":{"uv":[14.5,6.75807,16,8.25807],"texture":"#0"},"west":{"uv":[14.5,6.75807,16,8.25807],"texture":"#0"},"up":{"uv":[14.5,6.75807,16,7.22581],"texture":"#0"},"down":{"uv":[14.5,7.79033,16,8.25807],"texture":"#0"}}},{"from":[4.25,9.15,4],"to":[6,10.9,5.75],"rotation":{"angle":0,"axis":"y","origin":[-3,1.15,-9]},"faces":{"north":{"uv":[11.35484,13.93549,12.35484,14.93549],"texture":"#0"},"east":{"uv":[11.35484,13.93549,12.35484,14.93549],"texture":"#0"},"south":{"uv":[11.35484,13.93549,12.35484,14.93549],"texture":"#0"},"west":{"uv":[11.35484,13.93549,12.35484,14.93549],"texture":"#0"},"up":{"uv":[11.35484,13.93549,12.35484,14.41936],"texture":"#0"},"down":{"uv":[11.35484,14.45162,12.35484,14.93549],"texture":"#0"}}},{"from":[3.9,10.25,3.8],"to":[5.4,11.75,5.3],"rotation":{"angle":0,"axis":"y","origin":[-3.1,1.75,-9.2]},"faces":{"north":{"uv":[11.35484,12.90323,12.35484,13.90323],"texture":"#0"},"east":{"uv":[11.35484,12.90323,12.35484,13.90323],"texture":"#0"},"south":{"uv":[11.35484,12.90323,12.35484,13.90323],"texture":"#0"},"west":{"uv":[11.35484,12.90323,12.35484,13.90323],"texture":"#0"},"up":{"uv":[11.35484,12.90323,12.35484,13.3871],"texture":"#0"},"down":{"uv":[11.35484,13.41936,12.35484,13.90323],"texture":"#0"}}},{"from":[3.4,10.75,4.55],"to":[5.9,13.25,4.55],"rotation":{"angle":0,"axis":"y","origin":[-3.1,2.75,-9.2]},"faces":{"north":{"uv":[11.35484,11.35484,12.90323,12.90323],"texture":"#0"},"east":{"uv":[11.35484,11.87097,12.3871,12.90323],"texture":"#0"},"south":{"uv":[11.35484,11.35484,12.90323,12.90323],"texture":"#0"},"west":{"uv":[11.35484,11.87097,12.3871,12.90323],"texture":"#0"},"up":{"uv":[11.35484,11.87097,12.3871,12.3871],"texture":"#0"},"down":{"uv":[11.35484,12.3871,12.3871,12.90323],"texture":"#0"}}},{"from":[2,5,6],"to":[4,7,8],"rotation":{"angle":0,"axis":"y","origin":[2,5,6]},"faces":{"north":{"uv":[1.03226,2.58065,2.03226,3.58065],"texture":"#0"},"east":{"uv":[1.03226,2.58065,2.03226,3.58065],"texture":"#0"},"south":{"uv":[1.03226,2.58065,2.03226,3.58065],"texture":"#0"},"west":{"uv":[1.03226,2.58065,2.03226,3.58065],"texture":"#0"},"up":{"uv":[1.03226,2.58065,2.03226,3.06452],"texture":"#0"},"down":{"uv":[1.03226,3.09678,2.03226,3.58065],"texture":"#0"}}},{"from":[12,3,6],"to":[14,5,8],"rotation":{"angle":0,"axis":"y","origin":[12,3,6]},"faces":{"north":{"uv":[1.03226,2.58065,2.03226,3.58065],"texture":"#0"},"east":{"uv":[1.03226,2.58065,2.03226,3.58065],"texture":"#0"},"south":{"uv":[1.03226,2.58065,2.03226,3.58065],"texture":"#0"},"west":{"uv":[1.03226,2.58065,2.03226,3.58065],"texture":"#0"},"up":{"uv":[1.03226,2.58065,2.03226,3.06452],"texture":"#0"},"down":{"uv":[1.03226,3.09678,2.03226,3.58065],"texture":"#0"}}}]}