{"elements":[{"from":[7.428571,6.857143,7.948571],"to":[8.571428,8.0,7.948571],"rotation":{"angle":0.0,"axis":"y","origin":[7.428571,4.0,8.577143]},"faces":{"south":{"uv":[0.0,0.0,2.0,2.0],"rotation":0,"texture":"#missing","tintindex":0},"north":{"uv":[5.25,0.875,5.5,1.125],"rotation":0,"texture":"#0","tintindex":0},"down":{"uv":[0.0,0.0,2.0,0.0],"rotation":0,"texture":"#missing","tintindex":0},"east":{"uv":[0.0,0.0,0.0,2.0],"rotation":0,"texture":"#missing","tintindex":0},"west":{"uv":[0.0,0.0,0.0,2.0],"rotation":0,"texture":"#missing","tintindex":0},"up":{"uv":[0.0,0.0,2.0,0.0],"rotation":0,"texture":"#missing","tintindex":0}}}],"textures":{"0":"modelengine:entity/texture_ghost"},"display":{"head":{"translation":[0.0,-6.4,0.0],"scale":[4.0,4.0,4.0]}}}