{"parent":"minecraft:item/generated","textures":{"layer0":"minecraft:item/structure_void"},"overrides":[{"predicate":{},"model":"gulpvp:item/empty"},{"predicate":{"custom_model_data":10001},"model":"gulpvp:item/info"},{"predicate":{"custom_model_data":10002},"model":"gulpvp:item/left"},{"predicate":{"custom_model_data":10003},"model":"gulpvp:item/right"},{"predicate":{"custom_model_data":10004},"model":"gulpvp:item/home"},{"predicate":{"custom_model_data":10005},"model":"gulpvp:item/refresh"},{"predicate":{"custom_model_data":10006},"model":"gulpvp:item/sort"},{"predicate":{"custom_model_data":10007},"model":"gulpvp:item/cat"},{"predicate":{"custom_model_data":10100},"model":"gulpvp:item/allgrief"},{"predicate":{"custom_model_data":10101},"model":"gulpvp:item/pve"},{"predicate":{"custom_model_data":10102},"model":"gulpvp:item/season"},{"predicate":{"custom_model_data":10103},"model":"gulpvp:item/spawner"},{"predicate":{"custom_model_data":10104},"model":"gulpvp:item/sphere"},{"predicate":{"custom_model_data":10105},"model":"gulpvp:item/kit"},{"predicate":{"custom_model_data":10106},"model":"gulpvp:item/booster"},{"predicate":{"custom_model_data":10107},"model":"gulpvp:item/mage"},{"predicate":{"custom_model_data":10108},"model":"gulpvp:item/trident"},{"predicate":{"custom_model_data":10109},"model":"gulpvp:item/aura"},{"predicate":{"custom_model_data":10110},"model":"gulpvp:item/potion"},{"predicate":{"custom_model_data":10111},"model":"gulpvp:item/ec"}]}