{"display":{"thirdperson_righthand":{"rotation":[37,34,46],"translation":[-2.5,1.75,0],"scale":[0.75,0.75,0.75]},"thirdperson_lefthand":{"rotation":[37,34,46],"translation":[-2.5,1.75,0],"scale":[0.75,0.75,0.75]},"firstperson_righthand":{"rotation":[0,29,0],"translation":[1.5,4.5,0],"scale":[0.5,0.5,0.5]},"firstperson_lefthand":{"rotation":[0,-50,0],"translation":[1.5,4.5,0],"scale":[0.5,0.5,0.5]},"gui":{"rotation":[30,-135,0],"translation":[0.5,1.75,0]},"fixed":{"rotation":[0,89,0],"translation":[0,1.5,-3]}},"texture_size":[32,32],"textures":{"2":"heavenworld:item/sphere/air"},"elements":[{"from":[5,3,5],"to":[11,9,11],"rotation":{"angle":0,"axis":"y","origin":[0,-2,0]},"faces":{"north":{"uv":[0,0.51613,3.09678,3.61291],"texture":"#2"},"east":{"uv":[0,3.61291,3.09678,6.70968],"texture":"#2"},"south":{"uv":[3.09678,0.51613,6.19355,3.61291],"texture":"#2"},"west":{"uv":[3.09678,3.61291,6.19355,6.70968],"texture":"#2"},"up":{"uv":[9.29032,6.70968,6.19355,3.6129],"texture":"#2"},"down":{"uv":[9.29032,0.51613,6.19355,3.61291],"texture":"#2"}}},{"from":[3,5,3],"to":[13,7,13],"rotation":{"angle":45,"axis":"y","origin":[8,6,8]},"faces":{"north":{"uv":[0,7.22581,5.16129,8.25807],"texture":"#2"},"east":{"uv":[0,7.22581,5.16129,8.25807],"texture":"#2"},"south":{"uv":[0,7.22581,5.16129,8.25807],"texture":"#2"},"west":{"uv":[0,7.22581,5.16129,8.25807],"texture":"#2"},"up":{"uv":[12.3871,0.67742,15.83871,4.12903],"texture":"#2"},"down":{"uv":[12.3871,0.67742,15.83871,4.12903],"texture":"#2"}}},{"from":[3.5,7.5,3.5],"to":[11.5,8.5,11.5],"rotation":{"angle":0,"axis":"y","origin":[7.5,8,7.5]},"faces":{"north":{"uv":[5.67742,7.22581,9.80645,7.74194],"texture":"#2"},"east":{"uv":[5.67742,7.22581,9.80645,7.74194],"texture":"#2"},"south":{"uv":[5.67742,7.22581,9.80645,7.74194],"texture":"#2"},"west":{"uv":[5.67742,7.22581,9.80645,7.74194],"texture":"#2"},"up":{"uv":[12,0.51613,16,4.51613],"texture":"#2"},"down":{"uv":[12,0,16,4],"texture":"#2"}}},{"from":[4.5,3.5,4.75],"to":[12.5,4.5,12.75],"rotation":{"angle":0,"axis":"y","origin":[0.5,-3.5,0.75]},"faces":{"north":{"uv":[6.70968,7.22581,10.70968,7.72581],"texture":"#2"},"east":{"uv":[6.70968,7.22581,10.70968,7.72581],"texture":"#2"},"south":{"uv":[6.70968,7.22581,10.70968,7.72581],"texture":"#2"},"west":{"uv":[6.70968,7.22581,10.70968,7.72581],"texture":"#2"},"up":{"uv":[12,0,16,4],"texture":"#2"},"down":{"uv":[12,0,16,4],"texture":"#2"}}},{"from":[3,5,3],"to":[13,7,13],"rotation":{"angle":-22.5,"axis":"y","origin":[8,6,8]},"faces":{"north":{"uv":[0,8.25807,5.16129,9.29032],"texture":"#2"},"east":{"uv":[0,8.25807,5.16129,9.29032],"texture":"#2"},"south":{"uv":[0,8.25807,5.16129,9.29032],"texture":"#2"},"west":{"uv":[0,8.25807,5.16129,9.29032],"texture":"#2"},"up":{"uv":[12.3871,0.67742,15.83871,4.12903],"rotation":270,"texture":"#2"},"down":{"uv":[12.3871,0.67742,15.83871,4.12903],"rotation":90,"texture":"#2"}}},{"from":[3,5,3],"to":[13,7,13],"rotation":{"angle":0,"axis":"y","origin":[8,6,8]},"faces":{"north":{"uv":[0,9.29032,5.16129,10.32258],"texture":"#2"},"east":{"uv":[0,9.29032,5.16129,10.32258],"texture":"#2"},"south":{"uv":[0,9.29032,5.16129,10.32258],"texture":"#2"},"west":{"uv":[0,9.29032,5.16129,10.32258],"texture":"#2"},"up":{"uv":[12.3871,0.67742,15.83871,4.12903],"rotation":270,"texture":"#2"},"down":{"uv":[12.3871,0.67742,15.83871,4.12903],"rotation":90,"texture":"#2"}}},{"from":[3,5,3],"to":[13,7,13],"rotation":{"angle":22.5,"axis":"y","origin":[8,6,8]},"faces":{"north":{"uv":[0,10.32258,5.16129,11.35484],"texture":"#2"},"east":{"uv":[0,10.32258,5.16129,11.35484],"texture":"#2"},"south":{"uv":[0,10.32258,5.16129,11.35484],"texture":"#2"},"west":{"uv":[0,10.32258,5.16129,11.35484],"texture":"#2"},"up":{"uv":[12.3871,0.67742,15.83871,4.12903],"rotation":270,"texture":"#2"},"down":{"uv":[12.3871,0.67742,15.83871,4.12903],"rotation":90,"texture":"#2"}}},{"from":[3.5,7.5,3.5],"to":[11.5,8.5,11.5],"rotation":{"angle":-22.5,"axis":"y","origin":[8,6,8.125]},"faces":{"north":{"uv":[5.67742,8.25807,9.80645,8.7742],"texture":"#2"},"east":{"uv":[5.67742,8.25807,9.80645,8.7742],"texture":"#2"},"south":{"uv":[5.67742,8.25807,9.80645,8.7742],"texture":"#2"},"west":{"uv":[5.67742,8.25807,9.80645,8.7742],"texture":"#2"},"up":{"uv":[12,0.51613,16,4.51613],"texture":"#2"},"down":{"uv":[12,0,16,4],"texture":"#2"}}},{"from":[4.5,3.5,4.75],"to":[12.5,4.5,12.75],"rotation":{"angle":-22.5,"axis":"y","origin":[8,6,8.125]},"faces":{"north":{"uv":[6.70968,8.25807,10.70968,8.75807],"texture":"#2"},"east":{"uv":[6.70968,8.25807,10.70968,8.75807],"texture":"#2"},"south":{"uv":[6.70968,8.25807,10.70968,8.75807],"texture":"#2"},"west":{"uv":[6.70968,8.25807,10.70968,8.75807],"texture":"#2"},"up":{"uv":[12,0,16,4],"texture":"#2"},"down":{"uv":[12,0,16,4],"texture":"#2"}}},{"from":[3.375,3.5,4.625],"to":[11.375,4.5,12.625],"rotation":{"angle":45,"axis":"y","origin":[8,6,8.125]},"faces":{"north":{"uv":[6.70968,9.29032,10.70968,9.79032],"texture":"#2"},"east":{"uv":[6.70968,9.29032,10.70968,9.79032],"texture":"#2"},"south":{"uv":[6.70968,9.29032,10.70968,9.79032],"texture":"#2"},"west":{"uv":[6.70968,9.29032,10.70968,9.79032],"texture":"#2"},"up":{"uv":[12,0,16,4],"rotation":90,"texture":"#2"},"down":{"uv":[12,0,16,4],"rotation":270,"texture":"#2"}}},{"from":[4.625,7.5,3.625],"to":[12.625,8.5,11.625],"rotation":{"angle":45,"axis":"y","origin":[8,6,8.125]},"faces":{"north":{"uv":[5.67742,9.29032,9.80645,9.80645],"texture":"#2"},"east":{"uv":[5.67742,9.29032,9.80645,9.80645],"texture":"#2"},"south":{"uv":[5.67742,9.29032,9.80645,9.80645],"texture":"#2"},"west":{"uv":[5.67742,9.29032,9.80645,9.80645],"texture":"#2"},"up":{"uv":[12,0.51613,16,4.51613],"rotation":90,"texture":"#2"},"down":{"uv":[12,0,16,4],"rotation":270,"texture":"#2"}}},{"from":[3.375,3.5,4.625],"to":[11.375,4.5,12.625],"rotation":{"angle":22.5,"axis":"y","origin":[8,6,8.125]},"faces":{"north":{"uv":[6.70968,10.32258,10.70968,10.82258],"texture":"#2"},"east":{"uv":[6.70968,10.32258,10.70968,10.82258],"texture":"#2"},"south":{"uv":[6.70968,10.32258,10.70968,10.82258],"texture":"#2"},"west":{"uv":[6.70968,10.32258,10.70968,10.82258],"texture":"#2"},"up":{"uv":[12,0,16,4],"rotation":90,"texture":"#2"},"down":{"uv":[12,0,16,4],"rotation":270,"texture":"#2"}}},{"from":[4.625,7.5,3.625],"to":[12.625,8.5,11.625],"rotation":{"angle":22.5,"axis":"y","origin":[8,6,8.125]},"faces":{"north":{"uv":[5.67742,10.32258,9.80645,10.83871],"texture":"#2"},"east":{"uv":[5.67742,10.32258,9.80645,10.83871],"texture":"#2"},"south":{"uv":[5.67742,10.32258,9.80645,10.83871],"texture":"#2"},"west":{"uv":[5.67742,10.32258,9.80645,10.83871],"texture":"#2"},"up":{"uv":[12,0.51613,16,4.51613],"rotation":90,"texture":"#2"},"down":{"uv":[12,0,16,4],"rotation":270,"texture":"#2"}}},{"from":[3,7,3],"to":[13,5,13],"rotation":{"angle":45,"axis":"y","origin":[8,8,8]},"faces":{"north":{"uv":[0,8.25807,5.16129,7.22581],"texture":"#2"},"east":{"uv":[0,8.25807,5.16129,7.22581],"texture":"#2"},"south":{"uv":[0,8.25807,5.16129,7.22581],"texture":"#2"},"west":{"uv":[0,8.25807,5.16129,7.22581],"texture":"#2"},"up":{"uv":[12.3871,0.67742,15.83871,4.12903],"texture":"#2"},"down":{"uv":[12.3871,0.67742,15.83871,4.12903],"texture":"#2"}}},{"from":[3.5,8.5,3.5],"to":[11.5,7.5,11.5],"rotation":{"angle":0,"axis":"y","origin":[7.5,10,7.5]},"faces":{"north":{"uv":[5.67742,7.74194,9.80645,7.22581],"texture":"#2"},"east":{"uv":[5.67742,7.74194,9.80645,7.22581],"texture":"#2"},"south":{"uv":[5.67742,7.74194,9.80645,7.22581],"texture":"#2"},"west":{"uv":[5.67742,7.74194,9.80645,7.22581],"texture":"#2"},"up":{"uv":[12,0.51613,16,4.51613],"texture":"#2"},"down":{"uv":[12,0,16,4],"texture":"#2"}}},{"from":[4.5,4.5,4.75],"to":[12.5,3.5,12.75],"rotation":{"angle":0,"axis":"y","origin":[0.5,-1.5,0.75]},"faces":{"north":{"uv":[6.70968,7.72581,10.70968,7.22581],"texture":"#2"},"east":{"uv":[6.70968,7.72581,10.70968,7.22581],"texture":"#2"},"south":{"uv":[6.70968,7.72581,10.70968,7.22581],"texture":"#2"},"west":{"uv":[6.70968,7.72581,10.70968,7.22581],"texture":"#2"},"up":{"uv":[12,0,16,4],"texture":"#2"},"down":{"uv":[12,0,16,4],"texture":"#2"}}},{"from":[3,7,3],"to":[13,5,13],"rotation":{"angle":-22.5,"axis":"y","origin":[8,8,8]},"faces":{"north":{"uv":[0,9.29032,5.16129,8.25807],"texture":"#2"},"east":{"uv":[0,9.29032,5.16129,8.25807],"texture":"#2"},"south":{"uv":[0,9.29032,5.16129,8.25807],"texture":"#2"},"west":{"uv":[0,9.29032,5.16129,8.25807],"texture":"#2"},"up":{"uv":[12.3871,0.67742,15.83871,4.12903],"rotation":270,"texture":"#2"},"down":{"uv":[12.3871,0.67742,15.83871,4.12903],"rotation":90,"texture":"#2"}}},{"from":[3,7,3],"to":[13,5,13],"rotation":{"angle":0,"axis":"y","origin":[8,8,8]},"faces":{"north":{"uv":[0,10.32258,5.16129,9.29032],"texture":"#2"},"east":{"uv":[0,10.32258,5.16129,9.29032],"texture":"#2"},"south":{"uv":[0,10.32258,5.16129,9.29032],"texture":"#2"},"west":{"uv":[0,10.32258,5.16129,9.29032],"texture":"#2"},"up":{"uv":[12.3871,0.67742,15.83871,4.12903],"rotation":270,"texture":"#2"},"down":{"uv":[12.3871,0.67742,15.83871,4.12903],"rotation":90,"texture":"#2"}}},{"from":[3,7,3],"to":[13,5,13],"rotation":{"angle":22.5,"axis":"y","origin":[8,8,8]},"faces":{"north":{"uv":[0,11.35484,5.16129,10.32258],"texture":"#2"},"east":{"uv":[0,11.35484,5.16129,10.32258],"texture":"#2"},"south":{"uv":[0,11.35484,5.16129,10.32258],"texture":"#2"},"west":{"uv":[0,11.35484,5.16129,10.32258],"texture":"#2"},"up":{"uv":[12.3871,0.67742,15.83871,4.12903],"rotation":270,"texture":"#2"},"down":{"uv":[12.3871,0.67742,15.83871,4.12903],"rotation":90,"texture":"#2"}}},{"from":[3.5,8.5,3.5],"to":[11.5,7.5,11.5],"rotation":{"angle":-22.5,"axis":"y","origin":[8,8,8.125]},"faces":{"north":{"uv":[5.67742,8.7742,9.80645,8.25807],"texture":"#2"},"east":{"uv":[5.67742,8.7742,9.80645,8.25807],"texture":"#2"},"south":{"uv":[5.67742,8.7742,9.80645,8.25807],"texture":"#2"},"west":{"uv":[5.67742,8.7742,9.80645,8.25807],"texture":"#2"},"up":{"uv":[12,0.51613,16,4.51613],"texture":"#2"},"down":{"uv":[12,0,16,4],"texture":"#2"}}},{"from":[4.5,4.5,4.75],"to":[12.5,3.5,12.75],"rotation":{"angle":-22.5,"axis":"y","origin":[8,8,8.125]},"faces":{"north":{"uv":[6.70968,8.75807,10.70968,8.25807],"texture":"#2"},"east":{"uv":[6.70968,8.75807,10.70968,8.25807],"texture":"#2"},"south":{"uv":[6.70968,8.75807,10.70968,8.25807],"texture":"#2"},"west":{"uv":[6.70968,8.75807,10.70968,8.25807],"texture":"#2"},"up":{"uv":[12,0,16,4],"texture":"#2"},"down":{"uv":[12,0,16,4],"texture":"#2"}}},{"from":[3.375,4.5,4.625],"to":[11.375,3.5,12.625],"rotation":{"angle":45,"axis":"y","origin":[8,8,8.125]},"faces":{"north":{"uv":[6.70968,9.79032,10.70968,9.29032],"texture":"#2"},"east":{"uv":[6.70968,9.79032,10.70968,9.29032],"texture":"#2"},"south":{"uv":[6.70968,9.79032,10.70968,9.29032],"texture":"#2"},"west":{"uv":[6.70968,9.79032,10.70968,9.29032],"texture":"#2"},"up":{"uv":[12,0,16,4],"rotation":90,"texture":"#2"},"down":{"uv":[12,0,16,4],"rotation":270,"texture":"#2"}}},{"from":[4.625,8.5,3.625],"to":[12.625,7.5,11.625],"rotation":{"angle":45,"axis":"y","origin":[8,8,8.125]},"faces":{"north":{"uv":[5.67742,9.80645,9.80645,9.29032],"texture":"#2"},"east":{"uv":[5.67742,9.80645,9.80645,9.29032],"texture":"#2"},"south":{"uv":[5.67742,9.80645,9.80645,9.29032],"texture":"#2"},"west":{"uv":[5.67742,9.80645,9.80645,9.29032],"texture":"#2"},"up":{"uv":[12,0.51613,16,4.51613],"rotation":90,"texture":"#2"},"down":{"uv":[12,0,16,4],"rotation":270,"texture":"#2"}}},{"from":[3.375,4.5,4.625],"to":[11.375,3.5,12.625],"rotation":{"angle":22.5,"axis":"y","origin":[8,8,8.125]},"faces":{"north":{"uv":[6.70968,10.82258,10.70968,10.32258],"texture":"#2"},"east":{"uv":[6.70968,10.82258,10.70968,10.32258],"texture":"#2"},"south":{"uv":[6.70968,10.82258,10.70968,10.32258],"texture":"#2"},"west":{"uv":[6.70968,10.82258,10.70968,10.32258],"texture":"#2"},"up":{"uv":[12,0,16,4],"rotation":90,"texture":"#2"},"down":{"uv":[12,0,16,4],"rotation":270,"texture":"#2"}}},{"from":[4.625,8.5,3.625],"to":[12.625,7.5,11.625],"rotation":{"angle":22.5,"axis":"y","origin":[8,8,8.125]},"faces":{"north":{"uv":[5.67742,10.83871,9.80645,10.32258],"texture":"#2"},"east":{"uv":[5.67742,10.83871,9.80645,10.32258],"texture":"#2"},"south":{"uv":[5.67742,10.83871,9.80645,10.32258],"texture":"#2"},"west":{"uv":[5.67742,10.83871,9.80645,10.32258],"texture":"#2"},"up":{"uv":[12,0.51613,16,4.51613],"rotation":90,"texture":"#2"},"down":{"uv":[12,0,16,4],"rotation":270,"texture":"#2"}}}]}