{"elements":[{"from":[5.5714283,7.857143,7.0],"to":[10.428572,12.714286,9.0],"rotation":{"angle":0.0,"axis":"y","origin":[8.0,10.285714,8.0]},"faces":{"south":{"uv":[10.5,12.0,12.5,14.0],"rotation":0,"texture":"#0","tintindex":0},"north":{"uv":[7.75,12.0,9.75,14.0],"rotation":0,"texture":"#0","tintindex":0},"down":{"uv":[11.75,11.25,9.75,12.0],"rotation":0,"texture":"#0","tintindex":0},"east":{"uv":[7.0,12.0,7.75,14.0],"rotation":0,"texture":"#0","tintindex":0},"west":{"uv":[9.75,12.0,10.5,14.0],"rotation":0,"texture":"#0","tintindex":0},"up":{"uv":[9.75,12.0,7.75,11.25],"rotation":0,"texture":"#0","tintindex":0}}},{"from":[5.714286,8.0,7.142857],"to":[10.285714,12.571428,8.857143],"rotation":{"angle":0.0,"axis":"y","origin":[8.0,10.285714,8.0]},"faces":{"south":{"uv":[3.5,0.75,5.5,2.75],"rotation":0,"texture":"#0","tintindex":0},"north":{"uv":[0.75,0.75,2.75,2.75],"rotation":0,"texture":"#0","tintindex":0},"down":{"uv":[4.75,0.0,2.75,0.75],"rotation":0,"texture":"#0","tintindex":0},"east":{"uv":[0.0,0.75,0.75,2.75],"rotation":0,"texture":"#0","tintindex":0},"west":{"uv":[2.75,0.75,3.5,2.75],"rotation":0,"texture":"#0","tintindex":0},"up":{"uv":[2.75,0.75,0.75,0.0],"rotation":0,"texture":"#0","tintindex":0}}}],"textures":{"0":"modelengine:entity/gingerbread_man"},"display":{"head":{"translation":[0.0,-6.4,0.0],"scale":[4.0,4.0,4.0]}}}