{"elements":[{"from":[7.0,2.7142854,7.285714],"to":[9.0,8.142858,8.714286],"rotation":{"angle":0.0,"axis":"y","origin":[8.857143,3.4285712,8.0]},"faces":{"south":{"uv":[9.5,6.0,8.75,8.25],"rotation":0,"texture":"#0","tintindex":0},"north":{"uv":[8.25,6.0,7.5,8.25],"rotation":0,"texture":"#0","tintindex":0},"down":{"uv":[8.25,5.5,9.0,6.0],"rotation":0,"texture":"#0","tintindex":0},"east":{"uv":[8.75,6.0,8.25,8.25],"rotation":0,"texture":"#0","tintindex":0},"west":{"uv":[7.5,6.0,7.0,8.25],"rotation":0,"texture":"#0","tintindex":0},"up":{"uv":[7.5,6.0,8.25,5.5],"rotation":0,"texture":"#0","tintindex":0}}},{"from":[7.142857,2.8571424,7.428571],"to":[8.857143,8.0,8.571428],"rotation":{"angle":0.0,"axis":"y","origin":[8.857143,3.4285712,8.0]},"faces":{"south":{"uv":[8.25,0.5,7.5,2.75],"rotation":0,"texture":"#0","tintindex":0},"north":{"uv":[7.0,0.5,6.25,2.75],"rotation":0,"texture":"#0","tintindex":0},"down":{"uv":[7.0,0.0,7.75,0.5],"rotation":0,"texture":"#0","tintindex":0},"east":{"uv":[7.5,0.5,7.0,2.75],"rotation":0,"texture":"#0","tintindex":0},"west":{"uv":[6.25,0.5,5.75,2.75],"rotation":0,"texture":"#0","tintindex":0},"up":{"uv":[6.25,0.5,7.0,0.0],"rotation":0,"texture":"#0","tintindex":0}}}],"textures":{"0":"modelengine:entity/gingerbread_man"},"display":{"head":{"translation":[0.0,-6.4,0.0],"scale":[4.0,4.0,4.0]}}}