{"display":{"thirdperson_righthand":{"rotation":[37,34,46],"translation":[-2.5,1.75,0],"scale":[0.75,0.75,0.75]},"thirdperson_lefthand":{"rotation":[37,34,46],"translation":[-2.5,1.75,0],"scale":[0.75,0.75,0.75]},"firstperson_righthand":{"rotation":[0,29,0],"translation":[1.5,4.5,0],"scale":[0.5,0.5,0.5]},"firstperson_lefthand":{"rotation":[0,-50,0],"translation":[1.5,4.5,0],"scale":[0.5,0.5,0.5]},"gui":{"rotation":[30,-135,0],"translation":[0.5,1.75,0]},"fixed":{"rotation":[0,89,0],"translation":[0,1.5,-3]}},"texture_size":[32,32],"textures":{"1":"heavenworld:item/sphere/fire_particle","2":"heavenworld:item/sphere/fire","particle":"heavenworld:item/sphere/fire"},"elements":[{"from":[5,1,5],"to":[11,7,11],"rotation":{"angle":0,"axis":"y","origin":[0,-4,0]},"faces":{"north":{"uv":[0,0,3,3],"texture":"#2"},"east":{"uv":[0,4.5,3,7.5],"texture":"#2"},"south":{"uv":[4.5,0,7.5,3],"texture":"#2"},"west":{"uv":[4.5,4.5,7.5,7.5],"texture":"#2"},"up":{"uv":[3,12,0,9],"texture":"#2"},"down":{"uv":[12,0,9,3],"texture":"#2"}}},{"from":[8,0,0],"to":[8,16,16],"faces":{"north":{"uv":[0,0,0,8],"texture":"#1"},"east":{"uv":[0,0,16,16],"texture":"#1"},"south":{"uv":[0,0,0,8],"texture":"#1"},"west":{"uv":[0,0,16,16],"texture":"#1"},"up":{"uv":[0,0,0,8],"texture":"#1"},"down":{"uv":[0,0,0,8],"texture":"#1"}}},{"from":[0,1,8],"to":[16,17,8],"rotation":{"angle":0,"axis":"y","origin":[16,1,0]},"faces":{"north":{"uv":[0,0,16,16],"texture":"#1"},"east":{"uv":[0,0,0,8],"texture":"#1"},"south":{"uv":[0,0,16,16],"texture":"#1"},"west":{"uv":[0,0,0,8],"texture":"#1"},"up":{"uv":[0,0,0,8],"rotation":90,"texture":"#1"},"down":{"uv":[0,0,0,8],"rotation":270,"texture":"#1"}}}]}