{"parent":"minecraft:item/generated","textures":{"layer0":"minecraft:item/ghast_tear"},"overrides":[{"predicate":{"custom_model_data":5001},"model":"heavenworld:item/shard/s_wind_shard"},{"predicate":{"custom_model_data":5002},"model":"heavenworld:item/shard/s_terra_shard"},{"predicate":{"custom_model_data":5003},"model":"heavenworld:item/shard/s_fire_shard"},{"predicate":{"custom_model_data":5004},"model":"heavenworld:item/shard/s_light_shard"},{"predicate":{"custom_model_data":5005},"model":"heavenworld:item/shard/s_water_shard"},{"predicate":{"custom_model_data":5006},"model":"heavenworld:item/shard/s_order_shard"},{"predicate":{"custom_model_data":5007},"model":"heavenworld:item/shard/s_chaos_shard"},{"predicate":{"custom_model_data":5101},"model":"heavenworld:item/shard/h_bunny_shard"},{"predicate":{"custom_model_data":5102},"model":"heavenworld:item/shard/h_cobra_shard"},{"predicate":{"custom_model_data":5103},"model":"heavenworld:item/shard/h_helper_shard"},{"predicate":{"custom_model_data":5104},"model":"heavenworld:item/shard/h_hydra_shard"},{"predicate":{"custom_model_data":5105},"model":"heavenworld:item/shard/h_luci_shard"},{"predicate":{"custom_model_data":5106},"model":"heavenworld:item/shard/h_pasha_shard"},{"predicate":{"custom_model_data":5107},"model":"heavenworld:item/shard/h_tiger_shard"},{"predicate":{"custom_model_data":5108},"model":"heavenworld:item/shard/h_god_shard"}]}