{"parent":"minecraft:item/generated","textures":{"layer0":"minecraft:item/leather_horse_armor"},"overrides":[{"predicate":{"custom_model_data":1},"model":"modelengine:ghost/ghost"},{"predicate":{"custom_model_data":2},"model":"modelengine:ghost/tale"},{"predicate":{"custom_model_data":3},"model":"modelengine:ghost/right_eye"},{"predicate":{"custom_model_data":4},"model":"modelengine:ghost/left_eye"},{"predicate":{"custom_model_data":5},"model":"modelengine:ghost/right_spiral"},{"predicate":{"custom_model_data":6},"model":"modelengine:ghost/left_spiral"},{"predicate":{"custom_model_data":7},"model":"modelengine:ghost/mouth"},{"predicate":{"custom_model_data":1000},"model":"modelengine:ancient_guardian/head"},{"predicate":{"custom_model_data":1001},"model":"modelengine:ancient_guardian/body"},{"predicate":{"custom_model_data":1002},"model":"modelengine:ancient_guardian/right_arm"},{"predicate":{"custom_model_data":1003},"model":"modelengine:ancient_guardian/right_arm_2"},{"predicate":{"custom_model_data":1004},"model":"modelengine:ancient_guardian/mace"},{"predicate":{"custom_model_data":1005},"model":"modelengine:ancient_guardian/mace_2"},{"predicate":{"custom_model_data":1006},"model":"modelengine:ancient_guardian/left_arm"},{"predicate":{"custom_model_data":1007},"model":"modelengine:ancient_guardian/left_arm_2"},{"predicate":{"custom_model_data":1008},"model":"modelengine:ancient_guardian/chain_1"},{"predicate":{"custom_model_data":1009},"model":"modelengine:ancient_guardian/chain_2"},{"predicate":{"custom_model_data":1010},"model":"modelengine:ancient_guardian/fire_1"},{"predicate":{"custom_model_data":1011},"model":"modelengine:ancient_guardian/fire_2"},{"predicate":{"custom_model_data":1012},"model":"modelengine:ancient_guardian/fire_3"},{"predicate":{"custom_model_data":1013},"model":"modelengine:ancient_guardian/fire_4"},{"predicate":{"custom_model_data":1014},"model":"modelengine:ancient_guardian/fire_5"},{"predicate":{"custom_model_data":1015},"model":"modelengine:ancient_guardian/fire_6"},{"predicate":{"custom_model_data":1016},"model":"modelengine:ancient_guardian/fireball_1"},{"predicate":{"custom_model_data":1017},"model":"modelengine:ancient_guardian/fireball_2"},{"predicate":{"custom_model_data":1018},"model":"modelengine:ancient_guardian/fireball_3"},{"predicate":{"custom_model_data":2000},"model":"modelengine:gingerbread_man/right_leg"},{"predicate":{"custom_model_data":2001},"model":"modelengine:gingerbread_man/left_leg"},{"predicate":{"custom_model_data":2002},"model":"modelengine:gingerbread_man/body"},{"predicate":{"custom_model_data":2003},"model":"modelengine:gingerbread_man/head"},{"predicate":{"custom_model_data":2004},"model":"modelengine:gingerbread_man/right_arm"},{"predicate":{"custom_model_data":2005},"model":"modelengine:gingerbread_man/left_arm"},{"predicate":{"custom_model_data":2006},"model":"modelengine:santa_claus/left_leg"},{"predicate":{"custom_model_data":2007},"model":"modelengine:santa_claus/right_leg"},{"predicate":{"custom_model_data":2008},"model":"modelengine:santa_claus/body"},{"predicate":{"custom_model_data":2009},"model":"modelengine:santa_claus/head"},{"predicate":{"custom_model_data":2010},"model":"modelengine:santa_claus/left_arm"},{"predicate":{"custom_model_data":2011},"model":"modelengine:santa_claus/left_hand"},{"predicate":{"custom_model_data":2012},"model":"modelengine:santa_claus/right_arm"},{"predicate":{"custom_model_data":2013},"model":"modelengine:santa_claus/right_hand"},{"predicate":{"custom_model_data":2014},"model":"modelengine:snowman/legs"},{"predicate":{"custom_model_data":2015},"model":"modelengine:snowman/body"},{"predicate":{"custom_model_data":2016},"model":"modelengine:snowman/hat2"},{"predicate":{"custom_model_data":2017},"model":"modelengine:snowman/head"},{"predicate":{"custom_model_data":2018},"model":"modelengine:snowman/left_arm"},{"predicate":{"custom_model_data":2019},"model":"modelengine:snowman/right_arm"},{"predicate":{"custom_model_data":3000},"model":"modelengine:akula/bone"},{"predicate":{"custom_model_data":4000},"model":"modelengine:alien_case/bone"},{"predicate":{"custom_model_data":5000},"model":"modelengine:2_faza/head"},{"predicate":{"custom_model_data":5001},"model":"modelengine:2_faza/mask"},{"predicate":{"custom_model_data":5002},"model":"modelengine:2_faza/head2"},{"predicate":{"custom_model_data":5003},"model":"modelengine:2_faza/body"},{"predicate":{"custom_model_data":5004},"model":"modelengine:2_faza/cape"},{"predicate":{"custom_model_data":5005},"model":"modelengine:2_faza/leftwing"},{"predicate":{"custom_model_data":5006},"model":"modelengine:2_faza/rightwing"},{"predicate":{"custom_model_data":5007},"model":"modelengine:2_faza/leftshoulderpad"},{"predicate":{"custom_model_data":5008},"model":"modelengine:2_faza/rightshoulderpad"},{"predicate":{"custom_model_data":5009},"model":"modelengine:2_faza/skirt"},{"predicate":{"custom_model_data":5010},"model":"modelengine:2_faza/rightarm"},{"predicate":{"custom_model_data":5011},"model":"modelengine:2_faza/leftarm"},{"predicate":{"custom_model_data":5012},"model":"modelengine:2_faza/sword_2"},{"predicate":{"custom_model_data":5013},"model":"modelengine:2_faza/rightleg"},{"predicate":{"custom_model_data":5014},"model":"modelengine:2_faza/leftleg"},{"predicate":{"custom_model_data":5015},"model":"modelengine:2_faza/glove"},{"predicate":{"custom_model_data":5016},"model":"modelengine:3_faza/mask"},{"predicate":{"custom_model_data":5017},"model":"modelengine:3_faza/head"},{"predicate":{"custom_model_data":5018},"model":"modelengine:3_faza/head2"},{"predicate":{"custom_model_data":5019},"model":"modelengine:3_faza/rightwing"},{"predicate":{"custom_model_data":5020},"model":"modelengine:3_faza/rightwing_2"},{"predicate":{"custom_model_data":5021},"model":"modelengine:3_faza/leftwing"},{"predicate":{"custom_model_data":5022},"model":"modelengine:3_faza/leftwing_2"},{"predicate":{"custom_model_data":5023},"model":"modelengine:3_faza/leftmicroarm_1"},{"predicate":{"custom_model_data":5024},"model":"modelengine:3_faza/leftmicroarm_2"},{"predicate":{"custom_model_data":5025},"model":"modelengine:3_faza/rightmicroarm_1"},{"predicate":{"custom_model_data":5026},"model":"modelengine:3_faza/rightmicroarm_2"},{"predicate":{"custom_model_data":5027},"model":"modelengine:3_faza/cape"},{"predicate":{"custom_model_data":5028},"model":"modelengine:3_faza/leftshoulderpad"},{"predicate":{"custom_model_data":5029},"model":"modelengine:3_faza/rightshoulderpad"},{"predicate":{"custom_model_data":5030},"model":"modelengine:3_faza/skirt"},{"predicate":{"custom_model_data":5031},"model":"modelengine:3_faza/body"},{"predicate":{"custom_model_data":5032},"model":"modelengine:3_faza/rightarm"},{"predicate":{"custom_model_data":5033},"model":"modelengine:3_faza/leftarm"},{"predicate":{"custom_model_data":5034},"model":"modelengine:3_faza/rightleg"},{"predicate":{"custom_model_data":5035},"model":"modelengine:3_faza/leftleg"},{"predicate":{"custom_model_data":5036},"model":"modelengine:3_faza/crown"},{"predicate":{"custom_model_data":5037},"model":"modelengine:3_faza/bone"},{"predicate":{"custom_model_data":5038},"model":"modelengine:3_faza/blackhole"},{"predicate":{"custom_model_data":5039},"model":"modelengine:3_faza/sword"},{"predicate":{"custom_model_data":5040},"model":"modelengine:3_faza/sword_2"},{"predicate":{"custom_model_data":5041},"model":"modelengine:3_faza/sword_3"},{"predicate":{"custom_model_data":5042},"model":"modelengine:black_hole/blackhole"},{"predicate":{"custom_model_data":5043},"model":"modelengine:mon_sword/sword"},{"predicate":{"custom_model_data":5044},"model":"modelengine:monashka_faza_1/head"},{"predicate":{"custom_model_data":5045},"model":"modelengine:monashka_faza_1/body"},{"predicate":{"custom_model_data":5046},"model":"modelengine:monashka_faza_1/cape"},{"predicate":{"custom_model_data":5047},"model":"modelengine:monashka_faza_1/leftshoulderpad"},{"predicate":{"custom_model_data":5048},"model":"modelengine:monashka_faza_1/rightshoulderpad"},{"predicate":{"custom_model_data":5049},"model":"modelengine:monashka_faza_1/skirt"},{"predicate":{"custom_model_data":5050},"model":"modelengine:monashka_faza_1/rightarm"},{"predicate":{"custom_model_data":5051},"model":"modelengine:monashka_faza_1/leftarm"},{"predicate":{"custom_model_data":5052},"model":"modelengine:monashka_faza_1/rightleg"},{"predicate":{"custom_model_data":5053},"model":"modelengine:monashka_faza_1/leftleg"},{"predicate":{"custom_model_data":5054},"model":"modelengine:monashka_faza_1/sword"},{"predicate":{"custom_model_data":5055},"model":"modelengine:skelet_arrow/arrow"},{"predicate":{"custom_model_data":5056},"model":"modelengine:skelet_monah/head"},{"predicate":{"custom_model_data":5057},"model":"modelengine:skelet_monah/body"},{"predicate":{"custom_model_data":5058},"model":"modelengine:skelet_monah/rightarm"},{"predicate":{"custom_model_data":5059},"model":"modelengine:skelet_monah/bow"},{"predicate":{"custom_model_data":5060},"model":"modelengine:skelet_monah/bowup"},{"predicate":{"custom_model_data":5061},"model":"modelengine:skelet_monah/bowstringup"},{"predicate":{"custom_model_data":5062},"model":"modelengine:skelet_monah/bowbutton"},{"predicate":{"custom_model_data":5063},"model":"modelengine:skelet_monah/bowstringbutton"},{"predicate":{"custom_model_data":5064},"model":"modelengine:skelet_monah/arrow"},{"predicate":{"custom_model_data":5065},"model":"modelengine:skelet_monah/leftarm"},{"predicate":{"custom_model_data":5066},"model":"modelengine:skelet_monah/rightleg"},{"predicate":{"custom_model_data":5067},"model":"modelengine:skelet_monah/leftleg"},{"predicate":{"custom_model_data":5068},"model":"modelengine:zombi_monah/body"},{"predicate":{"custom_model_data":5069},"model":"modelengine:zombi_monah/skirt"},{"predicate":{"custom_model_data":5070},"model":"modelengine:zombi_monah/head"},{"predicate":{"custom_model_data":5071},"model":"modelengine:zombi_monah/lamp"},{"predicate":{"custom_model_data":5072},"model":"modelengine:zombi_monah/rightarm"},{"predicate":{"custom_model_data":5073},"model":"modelengine:zombi_monah/leftarm"},{"predicate":{"custom_model_data":5074},"model":"modelengine:zombi_monah/rightleg"},{"predicate":{"custom_model_data":5075},"model":"modelengine:zombi_monah/leftleg"},{"predicate":{"custom_model_data":6000},"model":"modelengine:capuchino/bone"},{"predicate":{"custom_model_data":8000},"model":"modelengine:dwarf_1/head"},{"predicate":{"custom_model_data":8001},"model":"modelengine:dwarf_1/body"},{"predicate":{"custom_model_data":8002},"model":"modelengine:dwarf_1/backpack"},{"predicate":{"custom_model_data":8003},"model":"modelengine:dwarf_1/left_arm"},{"predicate":{"custom_model_data":8004},"model":"modelengine:dwarf_1/right_arm"},{"predicate":{"custom_model_data":8005},"model":"modelengine:dwarf_1/pickaxe"},{"predicate":{"custom_model_data":8006},"model":"modelengine:dwarf_1/left_leg"},{"predicate":{"custom_model_data":8007},"model":"modelengine:dwarf_1/right_leg"},{"predicate":{"custom_model_data":8008},"model":"modelengine:dwarf_2/head"},{"predicate":{"custom_model_data":8009},"model":"modelengine:dwarf_2/body"},{"predicate":{"custom_model_data":8010},"model":"modelengine:dwarf_2/backpack"},{"predicate":{"custom_model_data":8011},"model":"modelengine:dwarf_2/left_arm"},{"predicate":{"custom_model_data":8012},"model":"modelengine:dwarf_2/shield"},{"predicate":{"custom_model_data":8013},"model":"modelengine:dwarf_2/right_arm"},{"predicate":{"custom_model_data":8014},"model":"modelengine:dwarf_2/axe"},{"predicate":{"custom_model_data":8015},"model":"modelengine:dwarf_2/left_leg"},{"predicate":{"custom_model_data":8016},"model":"modelengine:dwarf_2/right_leg"},{"predicate":{"custom_model_data":8017},"model":"modelengine:goblin_1/head"},{"predicate":{"custom_model_data":8018},"model":"modelengine:goblin_1/body"},{"predicate":{"custom_model_data":8019},"model":"modelengine:goblin_1/left_arm"},{"predicate":{"custom_model_data":8020},"model":"modelengine:goblin_1/shield"},{"predicate":{"custom_model_data":8021},"model":"modelengine:goblin_1/truncheon"},{"predicate":{"custom_model_data":8022},"model":"modelengine:goblin_1/right_arm"},{"predicate":{"custom_model_data":8023},"model":"modelengine:goblin_1/left_leg"},{"predicate":{"custom_model_data":8024},"model":"modelengine:goblin_1/right_leg"},{"predicate":{"custom_model_data":8025},"model":"modelengine:goblin_2/head"},{"predicate":{"custom_model_data":8026},"model":"modelengine:goblin_2/body"},{"predicate":{"custom_model_data":8027},"model":"modelengine:goblin_2/book"},{"predicate":{"custom_model_data":8028},"model":"modelengine:goblin_2/left_arm"},{"predicate":{"custom_model_data":8029},"model":"modelengine:goblin_2/potion"},{"predicate":{"custom_model_data":8030},"model":"modelengine:goblin_2/right_arm"},{"predicate":{"custom_model_data":8031},"model":"modelengine:goblin_2/staff"},{"predicate":{"custom_model_data":8032},"model":"modelengine:goblin_2/left_leg"},{"predicate":{"custom_model_data":8033},"model":"modelengine:goblin_2/right_leg"},{"predicate":{"custom_model_data":8034},"model":"modelengine:goblin_3/head"},{"predicate":{"custom_model_data":8035},"model":"modelengine:goblin_3/bone"},{"predicate":{"custom_model_data":8036},"model":"modelengine:goblin_3/cape"},{"predicate":{"custom_model_data":8037},"model":"modelengine:goblin_3/left_arm"},{"predicate":{"custom_model_data":8038},"model":"modelengine:goblin_3/meat"},{"predicate":{"custom_model_data":8039},"model":"modelengine:goblin_3/right_arm"},{"predicate":{"custom_model_data":8040},"model":"modelengine:goblin_3/bone2"},{"predicate":{"custom_model_data":8041},"model":"modelengine:goblin_3/left_leg"},{"predicate":{"custom_model_data":8042},"model":"modelengine:goblin_3/right_leg"},{"predicate":{"custom_model_data":9000},"model":"modelengine:golem_rage/body_base_cubes"},{"predicate":{"custom_model_data":9001},"model":"modelengine:golem_rage/body_mid_cubes"},{"predicate":{"custom_model_data":9002},"model":"modelengine:golem_rage/spine_crystal_cubes"},{"predicate":{"custom_model_data":9003},"model":"modelengine:golem_rage/spine_crystal_1"},{"predicate":{"custom_model_data":9004},"model":"modelengine:golem_rage/spine_crystal_2"},{"predicate":{"custom_model_data":9005},"model":"modelengine:golem_rage/spine_crystal_3"},{"predicate":{"custom_model_data":9006},"model":"modelengine:golem_rage/top_horn"},{"predicate":{"custom_model_data":9007},"model":"modelengine:golem_rage/lshoulder"},{"predicate":{"custom_model_data":9008},"model":"modelengine:golem_rage/rshoulder"},{"predicate":{"custom_model_data":9009},"model":"modelengine:golem_rage/body_high_cubes"},{"predicate":{"custom_model_data":9010},"model":"modelengine:golem_rage/rstrip_p_2"},{"predicate":{"custom_model_data":9011},"model":"modelengine:golem_rage/rstrip_p_3"},{"predicate":{"custom_model_data":9012},"model":"modelengine:golem_rage/rstrip_p_1"},{"predicate":{"custom_model_data":9013},"model":"modelengine:golem_rage/rstrip"},{"predicate":{"custom_model_data":9014},"model":"modelengine:golem_rage/lstrip_p_2"},{"predicate":{"custom_model_data":9015},"model":"modelengine:golem_rage/lstrip_p_3"},{"predicate":{"custom_model_data":9016},"model":"modelengine:golem_rage/lstrip_p_1"},{"predicate":{"custom_model_data":9017},"model":"modelengine:golem_rage/lstrip"},{"predicate":{"custom_model_data":9018},"model":"modelengine:golem_rage/head_cubes"},{"predicate":{"custom_model_data":9019},"model":"modelengine:golem_rage/rarm_cubes"},{"predicate":{"custom_model_data":9020},"model":"modelengine:golem_rage/rarm_2"},{"predicate":{"custom_model_data":9021},"model":"modelengine:golem_rage/finger_1"},{"predicate":{"custom_model_data":9022},"model":"modelengine:golem_rage/finger_1_1"},{"predicate":{"custom_model_data":9023},"model":"modelengine:golem_rage/finger_2"},{"predicate":{"custom_model_data":9024},"model":"modelengine:golem_rage/finger_2_2"},{"predicate":{"custom_model_data":9025},"model":"modelengine:golem_rage/finger_3"},{"predicate":{"custom_model_data":9026},"model":"modelengine:golem_rage/rarm1_cubes"},{"predicate":{"custom_model_data":9027},"model":"modelengine:golem_rage/boulder"},{"predicate":{"custom_model_data":9028},"model":"modelengine:golem_rage/larm_cubes"},{"predicate":{"custom_model_data":9029},"model":"modelengine:golem_rage/larm1_cubes"},{"predicate":{"custom_model_data":9030},"model":"modelengine:golem_rage/larm2_cubes"},{"predicate":{"custom_model_data":9031},"model":"modelengine:golem_rage/torso_cubes"},{"predicate":{"custom_model_data":9032},"model":"modelengine:golem_rage/torso_horn"},{"predicate":{"custom_model_data":9033},"model":"modelengine:golem_rage/butt_horn_1"},{"predicate":{"custom_model_data":9034},"model":"modelengine:golem_rage/butt_horn_2"},{"predicate":{"custom_model_data":9035},"model":"modelengine:golem_rage/rleg_cubes"},{"predicate":{"custom_model_data":9036},"model":"modelengine:golem_rage/rleg1_cubes"},{"predicate":{"custom_model_data":9037},"model":"modelengine:golem_rage/rleg_2"},{"predicate":{"custom_model_data":9038},"model":"modelengine:golem_rage/lleg_cubes"},{"predicate":{"custom_model_data":9039},"model":"modelengine:golem_rage/lleg1_cubes"},{"predicate":{"custom_model_data":9040},"model":"modelengine:golem_rage/lleg_2"},{"predicate":{"custom_model_data":9041},"model":"modelengine:golem_rage/lleg3_cubes"},{"predicate":{"custom_model_data":9042},"model":"modelengine:golem_spawn/body_base_cubes"},{"predicate":{"custom_model_data":9043},"model":"modelengine:golem_spawn/body_mid_cubes"},{"predicate":{"custom_model_data":9044},"model":"modelengine:golem_spawn/spine_crystal_cubes"},{"predicate":{"custom_model_data":9045},"model":"modelengine:golem_spawn/spine_crystal_1"},{"predicate":{"custom_model_data":9046},"model":"modelengine:golem_spawn/spine_crystal_2"},{"predicate":{"custom_model_data":9047},"model":"modelengine:golem_spawn/spine_crystal_3"},{"predicate":{"custom_model_data":9048},"model":"modelengine:golem_spawn/top_horn"},{"predicate":{"custom_model_data":9049},"model":"modelengine:golem_spawn/lshoulder"},{"predicate":{"custom_model_data":9050},"model":"modelengine:golem_spawn/rshoulder"},{"predicate":{"custom_model_data":9051},"model":"modelengine:golem_spawn/body_high_cubes"},{"predicate":{"custom_model_data":9052},"model":"modelengine:golem_spawn/rstrip_p_2"},{"predicate":{"custom_model_data":9053},"model":"modelengine:golem_spawn/rstrip_p_3"},{"predicate":{"custom_model_data":9054},"model":"modelengine:golem_spawn/rstrip_p_1"},{"predicate":{"custom_model_data":9055},"model":"modelengine:golem_spawn/rstrip"},{"predicate":{"custom_model_data":9056},"model":"modelengine:golem_spawn/lstrip_p_2"},{"predicate":{"custom_model_data":9057},"model":"modelengine:golem_spawn/lstrip_p_3"},{"predicate":{"custom_model_data":9058},"model":"modelengine:golem_spawn/lstrip_p_1"},{"predicate":{"custom_model_data":9059},"model":"modelengine:golem_spawn/lstrip"},{"predicate":{"custom_model_data":9060},"model":"modelengine:golem_spawn/head_cubes"},{"predicate":{"custom_model_data":9061},"model":"modelengine:golem_spawn/rarm_cubes"},{"predicate":{"custom_model_data":9062},"model":"modelengine:golem_spawn/rarm_2"},{"predicate":{"custom_model_data":9063},"model":"modelengine:golem_spawn/finger_1"},{"predicate":{"custom_model_data":9064},"model":"modelengine:golem_spawn/finger_1_1"},{"predicate":{"custom_model_data":9065},"model":"modelengine:golem_spawn/finger_2"},{"predicate":{"custom_model_data":9066},"model":"modelengine:golem_spawn/finger_2_2"},{"predicate":{"custom_model_data":9067},"model":"modelengine:golem_spawn/finger_3"},{"predicate":{"custom_model_data":9068},"model":"modelengine:golem_spawn/void"},{"predicate":{"custom_model_data":9069},"model":"modelengine:golem_spawn/rarm1_cubes"},{"predicate":{"custom_model_data":9070},"model":"modelengine:golem_spawn/larm_cubes"},{"predicate":{"custom_model_data":9071},"model":"modelengine:golem_spawn/larm1_cubes"},{"predicate":{"custom_model_data":9072},"model":"modelengine:golem_spawn/larm2_cubes"},{"predicate":{"custom_model_data":9073},"model":"modelengine:golem_spawn/torso_cubes"},{"predicate":{"custom_model_data":9074},"model":"modelengine:golem_spawn/torso_horn"},{"predicate":{"custom_model_data":9075},"model":"modelengine:golem_spawn/butt_horn_1"},{"predicate":{"custom_model_data":9076},"model":"modelengine:golem_spawn/butt_horn_2"},{"predicate":{"custom_model_data":9077},"model":"modelengine:golem_spawn/rleg_cubes"},{"predicate":{"custom_model_data":9078},"model":"modelengine:golem_spawn/rleg1_cubes"},{"predicate":{"custom_model_data":9079},"model":"modelengine:golem_spawn/rleg_2"},{"predicate":{"custom_model_data":9080},"model":"modelengine:golem_spawn/lleg_cubes"},{"predicate":{"custom_model_data":9081},"model":"modelengine:golem_spawn/lleg1_cubes"},{"predicate":{"custom_model_data":9082},"model":"modelengine:golem_spawn/lleg_2"},{"predicate":{"custom_model_data":9083},"model":"modelengine:golem_spawn/lleg3_cubes"},{"predicate":{"custom_model_data":10000},"model":"modelengine:miniboss_arachna/lowerjaw"},{"predicate":{"custom_model_data":10001},"model":"modelengine:miniboss_arachna/chain"},{"predicate":{"custom_model_data":10002},"model":"modelengine:miniboss_arachna/upperjaw"},{"predicate":{"custom_model_data":10003},"model":"modelengine:miniboss_arachna/body"},{"predicate":{"custom_model_data":10004},"model":"modelengine:miniboss_arachna/rightarm"},{"predicate":{"custom_model_data":10005},"model":"modelengine:miniboss_arachna/rajoint"},{"predicate":{"custom_model_data":10006},"model":"modelengine:miniboss_arachna/rajoint2"},{"predicate":{"custom_model_data":10007},"model":"modelengine:miniboss_arachna/leftarm"},{"predicate":{"custom_model_data":10008},"model":"modelengine:miniboss_arachna/lajoint"},{"predicate":{"custom_model_data":10009},"model":"modelengine:miniboss_arachna/lajoint2"},{"predicate":{"custom_model_data":10010},"model":"modelengine:miniboss_arachna/chain2"},{"predicate":{"custom_model_data":10011},"model":"modelengine:miniboss_arachna/frontrightleg"},{"predicate":{"custom_model_data":10012},"model":"modelengine:miniboss_arachna/frjoint"},{"predicate":{"custom_model_data":10013},"model":"modelengine:miniboss_arachna/frjoint2"},{"predicate":{"custom_model_data":10014},"model":"modelengine:miniboss_arachna/frjoint3"},{"predicate":{"custom_model_data":10015},"model":"modelengine:miniboss_arachna/frontleftleg"},{"predicate":{"custom_model_data":10016},"model":"modelengine:miniboss_arachna/fljoint"},{"predicate":{"custom_model_data":10017},"model":"modelengine:miniboss_arachna/fljoint2"},{"predicate":{"custom_model_data":10018},"model":"modelengine:miniboss_arachna/fljoint3"},{"predicate":{"custom_model_data":10019},"model":"modelengine:miniboss_arachna/backrightleg"},{"predicate":{"custom_model_data":10020},"model":"modelengine:miniboss_arachna/brjoint"},{"predicate":{"custom_model_data":10021},"model":"modelengine:miniboss_arachna/brjoint2"},{"predicate":{"custom_model_data":10022},"model":"modelengine:miniboss_arachna/brjoint3"},{"predicate":{"custom_model_data":10023},"model":"modelengine:miniboss_arachna/backleftleg"},{"predicate":{"custom_model_data":10024},"model":"modelengine:miniboss_arachna/bljoint"},{"predicate":{"custom_model_data":10025},"model":"modelengine:miniboss_arachna/bljoint2"},{"predicate":{"custom_model_data":10026},"model":"modelengine:miniboss_arachna/bljoint3"},{"predicate":{"custom_model_data":11000},"model":"modelengine:miniboss_goblin/rightleg"},{"predicate":{"custom_model_data":11001},"model":"modelengine:miniboss_goblin/leftleg"},{"predicate":{"custom_model_data":11002},"model":"modelengine:miniboss_goblin/backpack"},{"predicate":{"custom_model_data":11003},"model":"modelengine:miniboss_goblin/rightear"},{"predicate":{"custom_model_data":11004},"model":"modelengine:miniboss_goblin/leftear"},{"predicate":{"custom_model_data":11005},"model":"modelengine:miniboss_goblin/head"},{"predicate":{"custom_model_data":11006},"model":"modelengine:miniboss_goblin/leftarm"},{"predicate":{"custom_model_data":11007},"model":"modelengine:miniboss_goblin/leftforearm"},{"predicate":{"custom_model_data":11008},"model":"modelengine:miniboss_goblin/leftfist"},{"predicate":{"custom_model_data":11009},"model":"modelengine:miniboss_goblin/rightarm"},{"predicate":{"custom_model_data":11010},"model":"modelengine:miniboss_goblin/rightforearm"},{"predicate":{"custom_model_data":11011},"model":"modelengine:miniboss_goblin/rightfist"},{"predicate":{"custom_model_data":11012},"model":"modelengine:miniboss_goblin/body"},{"predicate":{"custom_model_data":11013},"model":"modelengine:miniboss_goblin/belly"},{"predicate":{"custom_model_data":12000},"model":"modelengine:miniboss_orc/head"},{"predicate":{"custom_model_data":12001},"model":"modelengine:miniboss_orc/body"},{"predicate":{"custom_model_data":12002},"model":"modelengine:miniboss_orc/extraarm"},{"predicate":{"custom_model_data":12003},"model":"modelengine:miniboss_orc/ejoint"},{"predicate":{"custom_model_data":12004},"model":"modelengine:miniboss_orc/right_arm"},{"predicate":{"custom_model_data":12005},"model":"modelengine:miniboss_orc/rajoint"},{"predicate":{"custom_model_data":12006},"model":"modelengine:miniboss_orc/shoulder_pad"},{"predicate":{"custom_model_data":12007},"model":"modelengine:miniboss_orc/left_arm"},{"predicate":{"custom_model_data":12008},"model":"modelengine:miniboss_orc/lajoint"},{"predicate":{"custom_model_data":12009},"model":"modelengine:miniboss_orc/lajoint2"},{"predicate":{"custom_model_data":12010},"model":"modelengine:miniboss_orc/left_leg"},{"predicate":{"custom_model_data":12011},"model":"modelengine:miniboss_orc/lljoint"},{"predicate":{"custom_model_data":12012},"model":"modelengine:miniboss_orc/right_leg"},{"predicate":{"custom_model_data":12013},"model":"modelengine:miniboss_orc/rljoint2"},{"predicate":{"custom_model_data":13000},"model":"modelengine:miniboss_skeleton/body"},{"predicate":{"custom_model_data":13001},"model":"modelengine:miniboss_skeleton/leftarm"},{"predicate":{"custom_model_data":13002},"model":"modelengine:miniboss_skeleton/shield"},{"predicate":{"custom_model_data":13003},"model":"modelengine:miniboss_skeleton/leftforearm"},{"predicate":{"custom_model_data":13004},"model":"modelengine:miniboss_skeleton/rightarm"},{"predicate":{"custom_model_data":13005},"model":"modelengine:miniboss_skeleton/rightforearm"},{"predicate":{"custom_model_data":13006},"model":"modelengine:miniboss_skeleton/cape_up"},{"predicate":{"custom_model_data":13007},"model":"modelengine:miniboss_skeleton/head"},{"predicate":{"custom_model_data":13008},"model":"modelengine:miniboss_skeleton/rightboot"},{"predicate":{"custom_model_data":13009},"model":"modelengine:miniboss_skeleton/rightleg"},{"predicate":{"custom_model_data":13010},"model":"modelengine:miniboss_skeleton/leftboot"},{"predicate":{"custom_model_data":13011},"model":"modelengine:miniboss_skeleton/leftleg"},{"predicate":{"custom_model_data":13012},"model":"modelengine:miniboss_skeleton/cape_down"},{"predicate":{"custom_model_data":14000},"model":"modelengine:winter_beast_boss_phase_1/head"},{"predicate":{"custom_model_data":14001},"model":"modelengine:winter_beast_boss_phase_1/jaw"},{"predicate":{"custom_model_data":14002},"model":"modelengine:winter_beast_boss_phase_1/body"},{"predicate":{"custom_model_data":14003},"model":"modelengine:winter_beast_boss_phase_1/tale_1"},{"predicate":{"custom_model_data":14004},"model":"modelengine:winter_beast_boss_phase_1/tale_2"},{"predicate":{"custom_model_data":14005},"model":"modelengine:winter_beast_boss_phase_1/right_arm"},{"predicate":{"custom_model_data":14006},"model":"modelengine:winter_beast_boss_phase_1/right_arm_2"},{"predicate":{"custom_model_data":14007},"model":"modelengine:winter_beast_boss_phase_1/left_arm"},{"predicate":{"custom_model_data":14008},"model":"modelengine:winter_beast_boss_phase_1/left_arm_2"},{"predicate":{"custom_model_data":14009},"model":"modelengine:winter_beast_boss_phase_1/right_leg"},{"predicate":{"custom_model_data":14010},"model":"modelengine:winter_beast_boss_phase_1/right_leg_2"},{"predicate":{"custom_model_data":14011},"model":"modelengine:winter_beast_boss_phase_1/left_leg"},{"predicate":{"custom_model_data":14012},"model":"modelengine:winter_beast_boss_phase_1/left_leg_2"},{"predicate":{"custom_model_data":14013},"model":"modelengine:winter_beast_boss_phase_2/head"},{"predicate":{"custom_model_data":14014},"model":"modelengine:winter_beast_boss_phase_2/jaw"},{"predicate":{"custom_model_data":14015},"model":"modelengine:winter_beast_boss_phase_2/body"},{"predicate":{"custom_model_data":14016},"model":"modelengine:winter_beast_boss_phase_2/tale_1"},{"predicate":{"custom_model_data":14017},"model":"modelengine:winter_beast_boss_phase_2/tale_2"},{"predicate":{"custom_model_data":14018},"model":"modelengine:winter_beast_boss_phase_2/right_arm"},{"predicate":{"custom_model_data":14019},"model":"modelengine:winter_beast_boss_phase_2/right_arm_2"},{"predicate":{"custom_model_data":14020},"model":"modelengine:winter_beast_boss_phase_2/left_arm"},{"predicate":{"custom_model_data":14021},"model":"modelengine:winter_beast_boss_phase_2/left_arm_2"},{"predicate":{"custom_model_data":14022},"model":"modelengine:winter_beast_boss_phase_2/right_leg"},{"predicate":{"custom_model_data":14023},"model":"modelengine:winter_beast_boss_phase_2/right_leg_2"},{"predicate":{"custom_model_data":14024},"model":"modelengine:winter_beast_boss_phase_2/left_leg"},{"predicate":{"custom_model_data":14025},"model":"modelengine:winter_beast_boss_phase_2/left_leg_2"},{"predicate":{"custom_model_data":14026},"model":"modelengine:winter_beast_boss_sleep/head"},{"predicate":{"custom_model_data":14027},"model":"modelengine:winter_beast_boss_sleep/jaw"},{"predicate":{"custom_model_data":14028},"model":"modelengine:winter_beast_boss_sleep/body"},{"predicate":{"custom_model_data":14029},"model":"modelengine:winter_beast_boss_sleep/tale_1"},{"predicate":{"custom_model_data":14030},"model":"modelengine:winter_beast_boss_sleep/tale_2"},{"predicate":{"custom_model_data":14031},"model":"modelengine:winter_beast_boss_sleep/right_arm"},{"predicate":{"custom_model_data":14032},"model":"modelengine:winter_beast_boss_sleep/right_arm_2"},{"predicate":{"custom_model_data":14033},"model":"modelengine:winter_beast_boss_sleep/left_arm"},{"predicate":{"custom_model_data":14034},"model":"modelengine:winter_beast_boss_sleep/left_arm_2"},{"predicate":{"custom_model_data":14035},"model":"modelengine:winter_beast_boss_sleep/right_leg"},{"predicate":{"custom_model_data":14036},"model":"modelengine:winter_beast_boss_sleep/right_leg_2"},{"predicate":{"custom_model_data":14037},"model":"modelengine:winter_beast_boss_sleep/left_leg"},{"predicate":{"custom_model_data":14038},"model":"modelengine:winter_beast_boss_sleep/left_leg_2"},{"predicate":{"custom_model_data":15000},"model":"modelengine:zahur/bone"},{"predicate":{"custom_model_data":16000},"model":"modelengine:gift_1/gift_1"},{"predicate":{"custom_model_data":16001},"model":"modelengine:gift_2/gift_2"},{"predicate":{"custom_model_data":16002},"model":"modelengine:gift_3/gift_3"},{"predicate":{"custom_model_data":16003},"model":"modelengine:micro_bro/head"},{"predicate":{"custom_model_data":16004},"model":"modelengine:micro_bro/body"},{"predicate":{"custom_model_data":16005},"model":"modelengine:micro_bro/left_arm"},{"predicate":{"custom_model_data":16006},"model":"modelengine:micro_bro/right_arm"},{"predicate":{"custom_model_data":16007},"model":"modelengine:micro_bro/left_leg"},{"predicate":{"custom_model_data":16008},"model":"modelengine:micro_bro/right_leg"},{"predicate":{"custom_model_data":16009},"model":"modelengine:micro_bro_2/head"},{"predicate":{"custom_model_data":16010},"model":"modelengine:micro_bro_2/body"},{"predicate":{"custom_model_data":16011},"model":"modelengine:micro_bro_2/left_arm"},{"predicate":{"custom_model_data":16012},"model":"modelengine:micro_bro_2/right_arm"},{"predicate":{"custom_model_data":16013},"model":"modelengine:micro_bro_2/left_leg"},{"predicate":{"custom_model_data":16014},"model":"modelengine:micro_bro_2/right_leg"},{"predicate":{"custom_model_data":16015},"model":"modelengine:zombie_santa/head_core"},{"predicate":{"custom_model_data":16016},"model":"modelengine:zombie_santa/hat"},{"predicate":{"custom_model_data":16017},"model":"modelengine:zombie_santa/bone8"},{"predicate":{"custom_model_data":16018},"model":"modelengine:zombie_santa/bone7"},{"predicate":{"custom_model_data":16019},"model":"modelengine:zombie_santa/bone6"},{"predicate":{"custom_model_data":16020},"model":"modelengine:zombie_santa/bone5"},{"predicate":{"custom_model_data":16021},"model":"modelengine:zombie_santa/bone4"},{"predicate":{"custom_model_data":16022},"model":"modelengine:zombie_santa/bone3"},{"predicate":{"custom_model_data":16023},"model":"modelengine:zombie_santa/bone2"},{"predicate":{"custom_model_data":16024},"model":"modelengine:zombie_santa/bone"},{"predicate":{"custom_model_data":16025},"model":"modelengine:zombie_santa/beg"},{"predicate":{"custom_model_data":16026},"model":"modelengine:zombie_santa/body"},{"predicate":{"custom_model_data":16027},"model":"modelengine:zombie_santa/gift_1"},{"predicate":{"custom_model_data":16028},"model":"modelengine:zombie_santa/gift_2"},{"predicate":{"custom_model_data":16029},"model":"modelengine:zombie_santa/gift_3"},{"predicate":{"custom_model_data":16030},"model":"modelengine:zombie_santa/left_arm"},{"predicate":{"custom_model_data":16031},"model":"modelengine:zombie_santa/staff"},{"predicate":{"custom_model_data":16032},"model":"modelengine:zombie_santa/right_arm"},{"predicate":{"custom_model_data":16033},"model":"modelengine:zombie_santa/left_leg"},{"predicate":{"custom_model_data":16034},"model":"modelengine:zombie_santa/right_leg"}]}