{"parent":"minecraft:item/generated","textures":{"layer0":"minecraft:item/structure_void"},"overrides":[{"predicate":{},"model":"heavenworld:item/empty"},{"predicate":{"custom_model_data":10001},"model":"heavenworld:item/info"},{"predicate":{"custom_model_data":10002},"model":"heavenworld:item/left"},{"predicate":{"custom_model_data":10003},"model":"heavenworld:item/right"},{"predicate":{"custom_model_data":10004},"model":"heavenworld:item/home"},{"predicate":{"custom_model_data":10005},"model":"heavenworld:item/refresh"},{"predicate":{"custom_model_data":10006},"model":"heavenworld:item/sort"},{"predicate":{"custom_model_data":10007},"model":"heavenworld:item/cat"},{"predicate":{"custom_model_data":10100},"model":"heavenworld:item/allgrief"},{"predicate":{"custom_model_data":10101},"model":"heavenworld:item/pve"},{"predicate":{"custom_model_data":10102},"model":"heavenworld:item/season"},{"predicate":{"custom_model_data":10103},"model":"heavenworld:item/spawner"},{"predicate":{"custom_model_data":10104},"model":"heavenworld:item/sphere"},{"predicate":{"custom_model_data":10105},"model":"heavenworld:item/kit"},{"predicate":{"custom_model_data":10106},"model":"heavenworld:item/booster"},{"predicate":{"custom_model_data":10107},"model":"heavenworld:item/mage"},{"predicate":{"custom_model_data":10108},"model":"heavenworld:item/trident"},{"predicate":{"custom_model_data":10109},"model":"heavenworld:item/aura"},{"predicate":{"custom_model_data":10110},"model":"heavenworld:item/potion"},{"predicate":{"custom_model_data":10111},"model":"heavenworld:item/ec"}]}